

INSERT INTO `companies` (`id`, `name`, `created_at`, `updated_at`) VALUES
(1, 'Becip', '2025-03-13 11:56:49', '2025-03-13 11:56:49'),
(2, 'ANDRE SARL', '2025-03-14 07:29:14', '2025-03-14 07:29:14'),
(3, 'COBAT CONSTRUCTIONS', '2025-03-14 09:36:20', '2025-03-14 09:36:20'),
(4, 'COBAT CONSTRUCTEURS', '2025-03-14 09:36:46', '2025-03-14 09:36:46'),
(5, 'EOS CONSTRUCTION', '2025-03-14 09:36:54', '2025-03-14 09:36:54'),
(6, 'SOGECO', '2025-03-14 09:36:59', '2025-03-14 09:36:59'),
(7, 'LEGENDRE', '2025-03-14 12:03:35', '2025-03-14 12:03:35');


INSERT INTO `users` (`id`, `name`, `company_id`, `email`, `email_verified_at`, `password`, `role`, `remember_token`, `created_at`, `updated_at`) VALUES
(1, 'ADMIN SERVER', 1, 'celestin@honvault.com', NULL, '$2y$12$hYQC3SYIzHOtpuM8JzlTHOzYgL.Quoz1nq5mH/GRQmrepE566wdDa', 'engineer', NULL, '2025-03-14 07:22:50', '2025-03-14 07:22:50'),
(4, 'FOURNET Florent', 1, 'f.fournet@becip.fr', NULL, '$2y$12$NBMkvV.kb3P1gfF3k7WXzuNaL6BkaIlhd4ZzZ/v1CIsmNDLpYfQVu', 'engineer', 'tlSVFe28YMIr8ygkvRYFVTQMYCiuDmZVV6arHu9tx7sBKIh6OlPP8oPZ6Yro', '2025-03-14 07:22:50', '2025-03-14 07:22:50'),
(5, 'BELLAMY Julien', 1, 'j.bellamy@becip.fr', NULL, '$2y$12$m0Ne1McAN4y.EV/O3oxMk.A4trFE6uCQ1TWdgsE/M/BID8ICFuD1q', 'engineer', 'ysbKzs7H6DJtl01iwvQkdsyr7SfJCcl6yncpifHEaah70f2wyFvVdECnwqzB', '2025-03-14 07:24:16', '2025-03-14 07:27:26'),
(6, 'ROCHER Arnaud', 1, 'a.rocher@becip.fr', NULL, '$2y$12$0ab42Xfsxf0axNYIuMVTE.2W8LnysN2QqMRIsrjjkGx3wCj4qGar.', 'drawer', NULL, '2025-03-14 07:24:55', '2025-03-14 09:25:55'),
(8, 'SIROU Vincent', 2, 'vincent.sirou@andre-construction.com', NULL, '$2y$12$vlJMp4EQc4sbN6Byxc8jk.UYd0heC44fVjNjm4mLFaXrPATEFvKqK', 'client', NULL, '2025-03-14 07:30:31', '2025-03-14 07:30:31'),
(12, 'Secrétariat Plans', 1, 'secretaire@beciptirage.fr', NULL, '$2y$12$5l8h2lAce4sSqhxl50sGo.c9z9GmajQ2jdkoky6Srgk/lZItYb9sq', 'secretary', NULL, '2025-03-14 08:28:59', '2025-03-14 08:28:59'),
(13, 'YONTING Alexis', 1, 'a.yonting@becip.fr', NULL, '$2y$12$/25A8Qw1Yw/Wtt8h9Iqyye5V.HcQA5IoNDM/WW.I31OyDlI.x87T6', 'drawer', NULL, '2025-03-14 09:29:52', '2025-03-14 09:29:52'),
(14, 'GUEZELLO Nicolas', 1, 'n.guezello@becip.fr', NULL, '$2y$12$jIzi279LkcnHbHoOYSZ99e6Our6yhi.oT/2lGOnpZVELbzCylEW7G', 'drawer', NULL, '2025-03-14 09:30:52', '2025-03-14 09:30:52'),
(15, 'MOROY Baptiste', 1, 'b.moroy@becip.fr', NULL, '$2y$12$WJjyuahJpJg/I1OiBe9l6ug5rGde.vUjU6j.rIyKYhBSAp6ASFGPW', 'drawer', NULL, '2025-03-14 09:31:13', '2025-03-14 09:31:13'),
(16, 'MOUSSIER Pauline', 1, 'p.moussier@becip.fr', NULL, '$2y$12$cVMk8r/zOmjdUhUs.4hVYuQo942OIZ7oYHyM37uUgAeXczp13KFwu', 'drawer', NULL, '2025-03-14 09:31:32', '2025-03-14 09:31:32'),
(17, 'DASILVA Eric', 1, 'e.dasilva@becip.fr', NULL, '$2y$12$QoX87YMToMhQFhyE5BblHOgm6A34nM2WNa2mjh6zzAJnI0YQZ/v.O', 'drawer', NULL, '2025-03-14 09:32:12', '2025-03-14 09:32:12'),
(18, 'DANY Philippe', 1, 'p.dany@becip.fr', NULL, '$2y$12$yoNBIqgkENelnlFUHQsFVuAxWKjHXyylEzJA.5VkGYQ5O9dtZ3kFS', 'drawer', NULL, '2025-03-14 09:32:37', '2025-03-14 09:32:37'),
(19, 'CAMBON Maxim', 1, 'm.cambon@becip.fr', NULL, '$2y$12$jlVR/IXLE2k7t3mwSI0CfupzyT3fR8dDkT.JOHj2E9.KmNWLQezp.', 'drawer', NULL, '2025-03-14 09:32:54', '2025-03-14 09:32:54'),
(20, 'DACRUZ Alexis', 1, 'a.dacruz@becip.fr', NULL, '$2y$12$3bXQuWWv0/JH6ja0RQ3sFuN2RW9LDnQpwrdfbTPzUWpn4J.CjMJgq', 'drawer', NULL, '2025-03-14 09:33:11', '2025-03-14 09:33:11'),
(21, 'COURTA Rosan', 1, 'r.courta@becip.fr', NULL, '$2y$12$EX3ol0rzEUif0HFO1SiS8e6Hj3kuFXTfs13lqzamK4XLuBs4OZpy6', 'drawer', NULL, '2025-03-14 09:33:34', '2025-03-14 09:33:34'),
(22, 'MOREL Loic', 1, 'l.morel@becip.fr', NULL, '$2y$12$uOJYBdZmkaxM2yOsWIyo0.aiX2jmfxd9Juk3A7yK5HnDJzHCO90xK', 'drawer', NULL, '2025-03-14 09:34:35', '2025-03-14 09:34:35'),
(23, 'RICHARD Tom', 1, 't.richard@becip.fr', NULL, '$2y$12$zUZQX1GrisVXJAQXTJS5aebN0YBZG3FiveUllu3zRpC65i94ZAjw.', 'drawer', NULL, '2025-03-14 09:34:51', '2025-03-14 09:34:51'),
(24, 'LELEU Aurore', 1, 'a.leleu@becip.fr', NULL, '$2y$12$ZliGzM/AdBeutUGewivqYe/4SdTFhfKmIQg7u3WDTVARgnemECrwe', 'secretary', NULL, '2025-03-14 09:35:21', '2025-03-14 09:35:21'),
(25, 'BATHILY Woorkhiya', 1, 'w.bathily@becip.fr', NULL, '$2y$12$W3ILjgKOc6ORKWjmLfSBLukLG2kjJoxrHNcasGdUnYP780c880RZ2', 'secretary', NULL, '2025-03-14 11:28:46', '2025-03-14 11:28:46');


INSERT INTO `projects` (`id`,`namelong`, `name`, `company_id`, `referent_id`, `address`, `is_mask_valided`, `is_mask_distributed`, `comment`, `created_at`, `updated_at`) VALUES
(501, NULL, 'B25.001', NULL, 5, NULL, 0, 0, NULL, '2025-03-14 07:33:57', '2025-03-14 08:21:35'),
(502, NULL, 'B25.002', NULL, NULL, NULL, 0, 0, NULL, '2025-03-14 07:33:57', '2025-03-14 07:33:57'),
(503, NULL, 'B25.003', NULL, NULL, NULL, 0, 0, NULL, '2025-03-14 07:33:57', '2025-03-14 07:33:57'),
(504, NULL, 'B25.004', NULL, NULL, NULL, 0, 0, NULL, '2025-03-14 07:33:57', '2025-03-14 07:33:57'),
(505, NULL, 'B25.005', NULL, NULL, NULL, 0, 0, NULL, '2025-03-14 07:33:57', '2025-03-14 07:33:57'),
(506, NULL, 'B25.006', 2, 5, 'La Chapelle aux Pots', 1, 0, NULL, '2025-03-14 07:33:57', '2025-03-14 07:50:28'),
(507, NULL, 'B25.007', NULL, NULL, NULL, 0, 0, NULL, '2025-03-14 07:33:57', '2025-03-14 07:33:57'),
(508, NULL, 'B25.008', NULL, NULL, NULL, 0, 0, NULL, '2025-03-14 07:33:57', '2025-03-14 07:33:57'),
(509, NULL, 'B25.009', NULL, NULL, NULL, 0, 0, NULL, '2025-03-14 07:33:57', '2025-03-14 07:33:57'),
(510, NULL, 'B25.010', NULL, NULL, NULL, 0, 0, NULL, '2025-03-14 07:33:57', '2025-03-14 07:33:57'),
(511, NULL, 'B25.011', NULL, NULL, NULL, 0, 0, NULL, '2025-03-14 07:33:57', '2025-03-14 07:33:57'),
(512, NULL, 'B25.012', NULL, NULL, NULL, 0, 0, NULL, '2025-03-14 07:33:57', '2025-03-14 07:33:57'),
(513, NULL, 'B25.013', NULL, NULL, NULL, 0, 0, NULL, '2025-03-14 07:33:57', '2025-03-14 07:33:57'),
(514, NULL, 'B25.014', NULL, NULL, NULL, 0, 0, NULL, '2025-03-14 07:33:57', '2025-03-14 07:33:57'),
(515, NULL, 'B25.015', NULL, NULL, NULL, 0, 0, NULL, '2025-03-14 07:33:57', '2025-03-14 07:33:57'),
(516, NULL, 'B25.016', NULL, NULL, NULL, 0, 0, NULL, '2025-03-14 07:33:57', '2025-03-14 07:33:57'),
(517, NULL, 'B25.017', NULL, NULL, NULL, 0, 0, NULL, '2025-03-14 07:33:57', '2025-03-14 07:33:57'),
(518, NULL, 'B25.018', NULL, NULL, NULL, 0, 0, NULL, '2025-03-14 07:33:57', '2025-03-14 07:33:57'),
(519, NULL, 'B25.019', NULL, NULL, NULL, 0, 0, NULL, '2025-03-14 07:33:57', '2025-03-14 07:33:57'),
(520, NULL, 'B25.020', NULL, NULL, NULL, 0, 0, NULL, '2025-03-14 07:33:57', '2025-03-14 07:33:57'),
(521, NULL, 'B25.021', NULL, NULL, NULL, 0, 0, NULL, '2025-03-14 07:33:57', '2025-03-14 07:33:57'),
(522, NULL, 'B25.022', NULL, NULL, NULL, 0, 0, NULL, '2025-03-14 07:33:57', '2025-03-14 07:33:57'),
(523, NULL, 'B25.023', NULL, NULL, NULL, 0, 0, NULL, '2025-03-14 07:33:57', '2025-03-14 07:33:57'),
(524, NULL, 'B25.024', NULL, NULL, NULL, 0, 0, NULL, '2025-03-14 07:33:57', '2025-03-14 07:33:57'),
(525, NULL, 'B25.025', NULL, NULL, NULL, 0, 0, NULL, '2025-03-14 07:33:57', '2025-03-14 07:33:57'),
(526, NULL, 'B25.026', NULL, NULL, NULL, 0, 0, NULL, '2025-03-14 07:33:57', '2025-03-14 07:33:57'),
(527, NULL, 'B25.027', NULL, NULL, NULL, 0, 0, NULL, '2025-03-14 07:33:57', '2025-03-14 07:33:57'),
(528, NULL, 'B25.028', NULL, NULL, NULL, 0, 0, NULL, '2025-03-14 07:33:57', '2025-03-14 07:33:57'),
(529, NULL, 'B25.029', NULL, NULL, NULL, 0, 0, NULL, '2025-03-14 07:33:57', '2025-03-14 07:33:57'),
(530, NULL, 'B25.030', NULL, NULL, NULL, 0, 0, NULL, '2025-03-14 07:33:57', '2025-03-14 07:33:57'),
(531, NULL, 'B25.031', NULL, NULL, NULL, 0, 0, NULL, '2025-03-14 07:33:57', '2025-03-14 07:33:57'),
(532, NULL, 'B25.032', NULL, NULL, NULL, 0, 0, NULL, '2025-03-14 07:33:57', '2025-03-14 07:33:57'),
(533, NULL, 'B25.033', NULL, NULL, NULL, 0, 0, NULL, '2025-03-14 07:33:57', '2025-03-14 07:33:57'),
(534, NULL, 'B25.034', NULL, NULL, NULL, 0, 0, NULL, '2025-03-14 07:33:57', '2025-03-14 07:33:57'),
(535, NULL, 'B25.035', NULL, NULL, NULL, 0, 0, NULL, '2025-03-14 07:33:57', '2025-03-14 07:33:57'),
(536, NULL, 'B25.036', NULL, NULL, NULL, 0, 0, NULL, '2025-03-14 07:33:57', '2025-03-14 07:33:57'),
(537, NULL, 'B25.037', NULL, NULL, NULL, 0, 0, NULL, '2025-03-14 07:33:57', '2025-03-14 07:33:57'),
(538, NULL, 'B25.038', NULL, NULL, NULL, 0, 0, NULL, '2025-03-14 07:33:57', '2025-03-14 07:33:57'),
(539, NULL, 'B25.039', NULL, NULL, NULL, 0, 0, NULL, '2025-03-14 07:33:57', '2025-03-14 07:33:57'),
(540, NULL, 'B25.040', NULL, NULL, NULL, 0, 0, NULL, '2025-03-14 07:33:57', '2025-03-14 07:33:57'),
(541, NULL, 'B25.041', NULL, NULL, NULL, 0, 0, NULL, '2025-03-14 07:33:57', '2025-03-14 07:33:57'),
(542, NULL, 'B25.042', NULL, NULL, NULL, 0, 0, NULL, '2025-03-14 07:33:57', '2025-03-14 07:33:57'),
(543, NULL, 'B25.043', NULL, NULL, NULL, 0, 0, NULL, '2025-03-14 07:33:57', '2025-03-14 07:33:57'),
(544, NULL, 'B25.044', NULL, NULL, NULL, 0, 0, NULL, '2025-03-14 07:33:57', '2025-03-14 07:33:57'),
(545, NULL, 'B25.045', NULL, NULL, NULL, 0, 0, NULL, '2025-03-14 07:33:57', '2025-03-14 07:33:57'),
(546, NULL, 'B25.046', NULL, NULL, NULL, 0, 0, NULL, '2025-03-14 07:33:57', '2025-03-14 07:33:57'),
(547, NULL, 'B25.047', NULL, NULL, NULL, 0, 0, NULL, '2025-03-14 07:33:57', '2025-03-14 07:33:57'),
(548, NULL, 'B25.048', NULL, NULL, NULL, 0, 0, NULL, '2025-03-14 07:33:57', '2025-03-14 07:33:57'),
(549, NULL, 'B25.049', NULL, NULL, NULL, 0, 0, NULL, '2025-03-14 07:33:57', '2025-03-14 07:33:57'),
(550, NULL, 'B25.050', NULL, NULL, NULL, 0, 0, NULL, '2025-03-14 07:33:57', '2025-03-14 07:33:57'),
(551, NULL, 'B25.051', NULL, NULL, NULL, 0, 0, NULL, '2025-03-14 07:33:57', '2025-03-14 07:33:57'),
(552, NULL, 'B25.052', NULL, NULL, NULL, 0, 0, NULL, '2025-03-14 07:33:57', '2025-03-14 07:33:57'),
(553, NULL, 'B25.053', NULL, NULL, NULL, 0, 0, NULL, '2025-03-14 07:33:57', '2025-03-14 07:33:57'),
(554, NULL, 'B25.054', NULL, NULL, NULL, 0, 0, NULL, '2025-03-14 07:33:57', '2025-03-14 07:33:57'),
(555, NULL, 'B25.055', NULL, NULL, NULL, 0, 0, NULL, '2025-03-14 07:33:57', '2025-03-14 07:33:57'),
(556, NULL, 'B25.056', NULL, NULL, NULL, 0, 0, NULL, '2025-03-14 07:33:57', '2025-03-14 07:33:57'),
(557, NULL, 'B25.057', NULL, NULL, NULL, 0, 0, NULL, '2025-03-14 07:33:57', '2025-03-14 07:33:57'),
(558, NULL, 'B25.058', NULL, NULL, NULL, 0, 0, NULL, '2025-03-14 07:33:57', '2025-03-14 07:33:57'),
(559, NULL, 'B25.059', NULL, NULL, NULL, 0, 0, NULL, '2025-03-14 07:33:57', '2025-03-14 07:33:57'),
(560, NULL, 'B25.060', NULL, NULL, NULL, 0, 0, NULL, '2025-03-14 07:33:57', '2025-03-14 07:33:57'),
(561, NULL, 'B25.061', NULL, NULL, NULL, 0, 0, NULL, '2025-03-14 07:33:57', '2025-03-14 07:33:57'),
(562, NULL, 'B25.062', NULL, NULL, NULL, 0, 0, NULL, '2025-03-14 07:33:57', '2025-03-14 07:33:57'),
(563, NULL, 'B25.063', NULL, NULL, NULL, 0, 0, NULL, '2025-03-14 07:33:57', '2025-03-14 07:33:57'),
(564, NULL, 'B25.064', NULL, NULL, NULL, 0, 0, NULL, '2025-03-14 07:33:57', '2025-03-14 07:33:57'),
(565, NULL, 'B25.065', NULL, NULL, NULL, 0, 0, NULL, '2025-03-14 07:33:57', '2025-03-14 07:33:57'),
(566, NULL, 'B25.066', NULL, NULL, NULL, 0, 0, NULL, '2025-03-14 07:33:57', '2025-03-14 07:33:57'),
(567, NULL, 'B25.067', NULL, NULL, NULL, 0, 0, NULL, '2025-03-14 07:33:57', '2025-03-14 07:33:57'),
(568, NULL, 'B25.068', NULL, NULL, NULL, 0, 0, NULL, '2025-03-14 07:33:57', '2025-03-14 07:33:57'),
(569, NULL, 'B25.069', NULL, NULL, NULL, 0, 0, NULL, '2025-03-14 07:33:57', '2025-03-14 07:33:57'),
(570, NULL, 'B25.070', NULL, NULL, NULL, 0, 0, NULL, '2025-03-14 07:33:57', '2025-03-14 07:33:57'),
(571, NULL, 'B25.071', NULL, NULL, NULL, 0, 0, NULL, '2025-03-14 07:33:57', '2025-03-14 07:33:57'),
(572, NULL, 'B25.072', NULL, NULL, NULL, 0, 0, NULL, '2025-03-14 07:33:57', '2025-03-14 07:33:57'),
(573, NULL, 'B25.073', NULL, NULL, NULL, 0, 0, NULL, '2025-03-14 07:33:57', '2025-03-14 07:33:57'),
(574, NULL, 'B25.074', NULL, NULL, NULL, 0, 0, NULL, '2025-03-14 07:33:57', '2025-03-14 07:33:57'),
(575, NULL, 'B25.075', NULL, NULL, NULL, 0, 0, NULL, '2025-03-14 07:33:57', '2025-03-14 07:33:57'),
(576, NULL, 'B25.076', NULL, NULL, NULL, 0, 0, NULL, '2025-03-14 07:33:57', '2025-03-14 07:33:57'),
(577, NULL, 'B25.077', NULL, NULL, NULL, 0, 0, NULL, '2025-03-14 07:33:57', '2025-03-14 07:33:57'),
(578, NULL, 'B25.078', NULL, NULL, NULL, 0, 0, NULL, '2025-03-14 07:33:57', '2025-03-14 07:33:57'),
(579, NULL, 'B25.079', NULL, NULL, NULL, 0, 0, NULL, '2025-03-14 07:33:57', '2025-03-14 07:33:57'),
(580, NULL, 'B25.080', NULL, NULL, NULL, 0, 0, NULL, '2025-03-14 07:33:57', '2025-03-14 07:33:57'),
(581, NULL, 'B25.081', NULL, NULL, NULL, 0, 0, NULL, '2025-03-14 07:33:57', '2025-03-14 07:33:57'),
(582, NULL, 'B25.082', NULL, NULL, NULL, 0, 0, NULL, '2025-03-14 07:33:57', '2025-03-14 07:33:57'),
(583, NULL, 'B25.083', NULL, NULL, NULL, 0, 0, NULL, '2025-03-14 07:33:57', '2025-03-14 07:33:57'),
(584, NULL, 'B25.084', NULL, NULL, NULL, 0, 0, NULL, '2025-03-14 07:33:57', '2025-03-14 07:33:57'),
(585, NULL, 'B25.085', NULL, NULL, NULL, 0, 0, NULL, '2025-03-14 07:33:57', '2025-03-14 07:33:57'),
(586, NULL, 'B25.086', NULL, NULL, NULL, 0, 0, NULL, '2025-03-14 07:33:57', '2025-03-14 07:33:57'),
(587, NULL, 'B25.087', NULL, NULL, NULL, 0, 0, NULL, '2025-03-14 07:33:57', '2025-03-14 07:33:57'),
(588, NULL, 'B25.088', NULL, NULL, NULL, 0, 0, NULL, '2025-03-14 07:33:57', '2025-03-14 07:33:57'),
(589, NULL, 'B25.089', NULL, NULL, NULL, 0, 0, NULL, '2025-03-14 07:33:57', '2025-03-14 07:33:57'),
(590, NULL, 'B25.090', NULL, NULL, NULL, 0, 0, NULL, '2025-03-14 07:33:57', '2025-03-14 07:33:57'),
(591, NULL, 'B25.091', NULL, NULL, NULL, 0, 0, NULL, '2025-03-14 07:33:57', '2025-03-14 07:33:57'),
(592, NULL, 'B25.092', NULL, NULL, NULL, 0, 0, NULL, '2025-03-14 07:33:57', '2025-03-14 07:33:57'),
(593, NULL, 'B25.093', NULL, NULL, NULL, 0, 0, NULL, '2025-03-14 07:33:57', '2025-03-14 07:33:57'),
(594, NULL, 'B25.094', NULL, NULL, NULL, 0, 0, NULL, '2025-03-14 07:33:57', '2025-03-14 07:33:57'),
(595, NULL, 'B25.095', NULL, NULL, NULL, 0, 0, NULL, '2025-03-14 07:33:57', '2025-03-14 07:33:57'),
(596, NULL, 'B25.096', NULL, NULL, NULL, 0, 0, NULL, '2025-03-14 07:33:57', '2025-03-14 07:33:57'),
(597, NULL, 'B25.097', NULL, NULL, NULL, 0, 0, NULL, '2025-03-14 07:33:57', '2025-03-14 07:33:57'),
(598, NULL, 'B25.098', NULL, NULL, NULL, 0, 0, NULL, '2025-03-14 07:33:57', '2025-03-14 07:33:57'),
(599, NULL, 'B25.099', NULL, NULL, NULL, 0, 0, NULL, '2025-03-14 07:33:57', '2025-03-14 07:33:57'),
(600, NULL, 'B25.100', NULL, NULL, NULL, 0, 0, NULL, '2025-03-14 07:33:57', '2025-03-14 07:33:57'),
(601, NULL, 'B25.101', NULL, NULL, NULL, 0, 0, NULL, '2025-03-14 07:33:57', '2025-03-14 07:33:57'),
(602, NULL, 'B25.102', NULL, NULL, NULL, 0, 0, NULL, '2025-03-14 07:33:57', '2025-03-14 07:33:57'),
(603, NULL, 'B25.103', NULL, NULL, NULL, 0, 0, NULL, '2025-03-14 07:33:57', '2025-03-14 07:33:57'),
(604, NULL, 'B25.104', NULL, NULL, NULL, 0, 0, NULL, '2025-03-14 07:33:57', '2025-03-14 07:33:57'),
(605, NULL, 'B25.105', NULL, NULL, NULL, 0, 0, NULL, '2025-03-14 07:33:57', '2025-03-14 07:33:57'),
(606, NULL, 'B25.106', NULL, NULL, NULL, 0, 0, NULL, '2025-03-14 07:33:57', '2025-03-14 07:33:57'),
(607, NULL, 'B25.107', NULL, NULL, NULL, 0, 0, NULL, '2025-03-14 07:33:57', '2025-03-14 07:33:57'),
(608, NULL, 'B25.108', NULL, NULL, NULL, 0, 0, NULL, '2025-03-14 07:33:57', '2025-03-14 07:33:57'),
(609, NULL, 'B25.109', NULL, NULL, NULL, 0, 0, NULL, '2025-03-14 07:33:57', '2025-03-14 07:33:57'),
(610, NULL, 'B25.110', NULL, NULL, NULL, 0, 0, NULL, '2025-03-14 07:33:57', '2025-03-14 07:33:57'),
(611, NULL, 'B25.111', NULL, NULL, NULL, 0, 0, NULL, '2025-03-14 07:33:57', '2025-03-14 07:33:57'),
(612, NULL, 'B25.112', NULL, NULL, NULL, 0, 0, NULL, '2025-03-14 07:33:57', '2025-03-14 07:33:57'),
(613, NULL, 'B25.113', NULL, NULL, NULL, 0, 0, NULL, '2025-03-14 07:33:57', '2025-03-14 07:33:57'),
(614, NULL, 'B25.114', NULL, NULL, NULL, 0, 0, NULL, '2025-03-14 07:33:57', '2025-03-14 07:33:57'),
(615, NULL, 'B25.115', NULL, NULL, NULL, 0, 0, NULL, '2025-03-14 07:33:57', '2025-03-14 07:33:57'),
(616, NULL, 'B25.116', NULL, NULL, NULL, 0, 0, NULL, '2025-03-14 07:33:57', '2025-03-14 07:33:57'),
(617, NULL, 'B25.117', NULL, NULL, NULL, 0, 0, NULL, '2025-03-14 07:33:57', '2025-03-14 07:33:57'),
(618, NULL, 'B25.118', NULL, NULL, NULL, 0, 0, NULL, '2025-03-14 07:33:57', '2025-03-14 07:33:57'),
(619, NULL, 'B25.119', NULL, NULL, NULL, 0, 0, NULL, '2025-03-14 07:33:57', '2025-03-14 07:33:57'),
(620, NULL, 'B25.120', NULL, NULL, NULL, 0, 0, NULL, '2025-03-14 07:33:57', '2025-03-14 07:33:57'),
(621, NULL, 'B25.121', NULL, NULL, NULL, 0, 0, NULL, '2025-03-14 07:33:57', '2025-03-14 07:33:57'),
(622, NULL, 'B25.122', NULL, NULL, NULL, 0, 0, NULL, '2025-03-14 07:33:57', '2025-03-14 07:33:57'),
(623, NULL, 'B25.123', NULL, NULL, NULL, 0, 0, NULL, '2025-03-14 07:33:57', '2025-03-14 07:33:57'),
(624, NULL, 'B25.124', NULL, NULL, NULL, 0, 0, NULL, '2025-03-14 07:33:57', '2025-03-14 07:33:57'),
(625, NULL, 'B25.125', NULL, NULL, NULL, 0, 0, NULL, '2025-03-14 07:33:57', '2025-03-14 07:33:57'),
(626, NULL, 'B25.126', NULL, NULL, NULL, 0, 0, NULL, '2025-03-14 07:33:57', '2025-03-14 07:33:57'),
(627, NULL, 'B25.127', NULL, NULL, NULL, 0, 0, NULL, '2025-03-14 07:33:57', '2025-03-14 07:33:57'),
(628, NULL, 'B25.128', NULL, NULL, NULL, 0, 0, NULL, '2025-03-14 07:33:57', '2025-03-14 07:33:57'),
(629, NULL, 'B25.129', NULL, NULL, NULL, 0, 0, NULL, '2025-03-14 07:33:57', '2025-03-14 07:33:57'),
(630, NULL, 'B25.130', NULL, NULL, NULL, 0, 0, NULL, '2025-03-14 07:33:57', '2025-03-14 07:33:57'),
(631, NULL, 'B25.131', NULL, NULL, NULL, 0, 0, NULL, '2025-03-14 07:33:57', '2025-03-14 07:33:57'),
(632, NULL, 'B25.132', NULL, NULL, NULL, 0, 0, NULL, '2025-03-14 07:33:57', '2025-03-14 07:33:57'),
(633, NULL, 'B25.133', NULL, NULL, NULL, 0, 0, NULL, '2025-03-14 07:33:57', '2025-03-14 07:33:57'),
(634, NULL, 'B25.134', NULL, NULL, NULL, 0, 0, NULL, '2025-03-14 07:33:57', '2025-03-14 07:33:57'),
(635, NULL, 'B25.135', NULL, NULL, NULL, 0, 0, NULL, '2025-03-14 07:33:57', '2025-03-14 07:33:57'),
(636, NULL, 'B25.136', NULL, NULL, NULL, 0, 0, NULL, '2025-03-14 07:33:57', '2025-03-14 07:33:57'),
(637, NULL, 'B25.137', NULL, NULL, NULL, 0, 0, NULL, '2025-03-14 07:33:57', '2025-03-14 07:33:57'),
(638, NULL, 'B25.138', NULL, NULL, NULL, 0, 0, NULL, '2025-03-14 07:33:57', '2025-03-14 07:33:57'),
(639, NULL, 'B25.139', NULL, NULL, NULL, 0, 0, NULL, '2025-03-14 07:33:57', '2025-03-14 07:33:57'),
(640, NULL, 'B25.140', NULL, NULL, NULL, 0, 0, NULL, '2025-03-14 07:33:57', '2025-03-14 07:33:57'),
(641, NULL, 'B25.141', NULL, NULL, NULL, 0, 0, NULL, '2025-03-14 07:33:57', '2025-03-14 07:33:57'),
(642, NULL, 'B25.142', NULL, NULL, NULL, 0, 0, NULL, '2025-03-14 07:33:57', '2025-03-14 07:33:57'),
(643, NULL, 'B25.143', NULL, NULL, NULL, 0, 0, NULL, '2025-03-14 07:33:57', '2025-03-14 07:33:57'),
(644, NULL, 'B25.144', NULL, NULL, NULL, 0, 0, NULL, '2025-03-14 07:33:57', '2025-03-14 07:33:57'),
(645, NULL, 'B25.145', NULL, NULL, NULL, 0, 0, NULL, '2025-03-14 07:33:57', '2025-03-14 07:33:57'),
(646, NULL, 'B25.146', NULL, NULL, NULL, 0, 0, NULL, '2025-03-14 07:33:57', '2025-03-14 07:33:57'),
(647, NULL, 'B25.147', NULL, NULL, NULL, 0, 0, NULL, '2025-03-14 07:33:57', '2025-03-14 07:33:57'),
(648, NULL, 'B25.148', NULL, NULL, NULL, 0, 0, NULL, '2025-03-14 07:33:57', '2025-03-14 07:33:57'),
(649, NULL, 'B25.149', NULL, NULL, NULL, 0, 0, NULL, '2025-03-14 07:33:57', '2025-03-14 07:33:57'),
(650, NULL, 'B25.150', NULL, NULL, NULL, 0, 0, NULL, '2025-03-14 07:33:57', '2025-03-14 07:33:57'),
(651, NULL, 'B25.151', NULL, NULL, NULL, 0, 0, NULL, '2025-03-14 07:33:57', '2025-03-14 07:33:57'),
(652, NULL, 'B25.152', NULL, NULL, NULL, 0, 0, NULL, '2025-03-14 07:33:57', '2025-03-14 07:33:57'),
(653, NULL, 'B25.153', NULL, NULL, NULL, 0, 0, NULL, '2025-03-14 07:33:57', '2025-03-14 07:33:57'),
(654, NULL, 'B25.154', NULL, NULL, NULL, 0, 0, NULL, '2025-03-14 07:33:57', '2025-03-14 07:33:57'),
(655, NULL, 'B25.155', NULL, NULL, NULL, 0, 0, NULL, '2025-03-14 07:33:57', '2025-03-14 07:33:57'),
(656, NULL, 'B25.156', NULL, NULL, NULL, 0, 0, NULL, '2025-03-14 07:33:57', '2025-03-14 07:33:57'),
(657, NULL, 'B25.157', NULL, NULL, NULL, 0, 0, NULL, '2025-03-14 07:33:57', '2025-03-14 07:33:57'),
(658, NULL, 'B25.158', NULL, NULL, NULL, 0, 0, NULL, '2025-03-14 07:33:57', '2025-03-14 07:33:57'),
(659, NULL, 'B25.159', NULL, NULL, NULL, 0, 0, NULL, '2025-03-14 07:33:57', '2025-03-14 07:33:57'),
(660, NULL, 'B25.160', NULL, NULL, NULL, 0, 0, NULL, '2025-03-14 07:33:57', '2025-03-14 07:33:57'),
(661, NULL, 'B25.161', NULL, NULL, NULL, 0, 0, NULL, '2025-03-14 07:33:57', '2025-03-14 07:33:57'),
(662, NULL, 'B25.162', NULL, NULL, NULL, 0, 0, NULL, '2025-03-14 07:33:57', '2025-03-14 07:33:57'),
(663, NULL, 'B25.163', NULL, NULL, NULL, 0, 0, NULL, '2025-03-14 07:33:57', '2025-03-14 07:33:57'),
(664, NULL, 'B25.164', NULL, NULL, NULL, 0, 0, NULL, '2025-03-14 07:33:57', '2025-03-14 07:33:57'),
(665, NULL, 'B25.165', NULL, NULL, NULL, 0, 0, NULL, '2025-03-14 07:33:57', '2025-03-14 07:33:57'),
(666, NULL, 'B25.166', NULL, NULL, NULL, 0, 0, NULL, '2025-03-14 07:33:57', '2025-03-14 07:33:57'),
(667, NULL, 'B25.167', NULL, NULL, NULL, 0, 0, NULL, '2025-03-14 07:33:57', '2025-03-14 07:33:57'),
(668, NULL, 'B25.168', NULL, NULL, NULL, 0, 0, NULL, '2025-03-14 07:33:57', '2025-03-14 07:33:57'),
(669, NULL, 'B25.169', NULL, NULL, NULL, 0, 0, NULL, '2025-03-14 07:33:57', '2025-03-14 07:33:57'),
(670, NULL, 'B25.170', NULL, NULL, NULL, 0, 0, NULL, '2025-03-14 07:33:57', '2025-03-14 07:33:57'),
(671, NULL, 'B25.171', NULL, NULL, NULL, 0, 0, NULL, '2025-03-14 07:33:57', '2025-03-14 07:33:57'),
(672, NULL, 'B25.172', NULL, NULL, NULL, 0, 0, NULL, '2025-03-14 07:33:57', '2025-03-14 07:33:57'),
(673, NULL, 'B25.173', NULL, NULL, NULL, 0, 0, NULL, '2025-03-14 07:33:57', '2025-03-14 07:33:57'),
(674, NULL, 'B25.174', NULL, NULL, NULL, 0, 0, NULL, '2025-03-14 07:33:57', '2025-03-14 07:33:57'),
(675, NULL, 'B25.175', NULL, NULL, NULL, 0, 0, NULL, '2025-03-14 07:33:57', '2025-03-14 07:33:57'),
(676, NULL, 'B25.176', NULL, NULL, NULL, 0, 0, NULL, '2025-03-14 07:33:57', '2025-03-14 07:33:57'),
(677, NULL, 'B25.177', NULL, NULL, NULL, 0, 0, NULL, '2025-03-14 07:33:57', '2025-03-14 07:33:57'),
(678, NULL, 'B25.178', NULL, NULL, NULL, 0, 0, NULL, '2025-03-14 07:33:57', '2025-03-14 07:33:57'),
(679, NULL, 'B25.179', NULL, NULL, NULL, 0, 0, NULL, '2025-03-14 07:33:57', '2025-03-14 07:33:57'),
(680, NULL, 'B25.180', NULL, NULL, NULL, 0, 0, NULL, '2025-03-14 07:33:57', '2025-03-14 07:33:57'),
(681, NULL, 'B25.181', NULL, NULL, NULL, 0, 0, NULL, '2025-03-14 07:33:57', '2025-03-14 07:33:57'),
(682, NULL, 'B25.182', NULL, NULL, NULL, 0, 0, NULL, '2025-03-14 07:33:57', '2025-03-14 07:33:57'),
(683, NULL, 'B25.183', NULL, NULL, NULL, 0, 0, NULL, '2025-03-14 07:33:57', '2025-03-14 07:33:57'),
(684, NULL, 'B25.184', NULL, NULL, NULL, 0, 0, NULL, '2025-03-14 07:33:57', '2025-03-14 07:33:57'),
(685, NULL, 'B25.185', NULL, NULL, NULL, 0, 0, NULL, '2025-03-14 07:33:57', '2025-03-14 07:33:57'),
(686, NULL, 'B25.186', NULL, NULL, NULL, 0, 0, NULL, '2025-03-14 07:33:57', '2025-03-14 07:33:57'),
(687, NULL, 'B25.187', NULL, NULL, NULL, 0, 0, NULL, '2025-03-14 07:33:57', '2025-03-14 07:33:57'),
(688, NULL, 'B25.188', NULL, NULL, NULL, 0, 0, NULL, '2025-03-14 07:33:57', '2025-03-14 07:33:57'),
(689, NULL, 'B25.189', NULL, NULL, NULL, 0, 0, NULL, '2025-03-14 07:33:57', '2025-03-14 07:33:57'),
(690, NULL, 'B25.190', NULL, NULL, NULL, 0, 0, NULL, '2025-03-14 07:33:57', '2025-03-14 07:33:57'),
(691, NULL, 'B25.191', NULL, NULL, NULL, 0, 0, NULL, '2025-03-14 07:33:57', '2025-03-14 07:33:57'),
(692, NULL, 'B25.192', NULL, NULL, NULL, 0, 0, NULL, '2025-03-14 07:33:57', '2025-03-14 07:33:57'),
(693, NULL, 'B25.193', NULL, NULL, NULL, 0, 0, NULL, '2025-03-14 07:33:57', '2025-03-14 07:33:57'),
(694, NULL, 'B25.194', NULL, NULL, NULL, 0, 0, NULL, '2025-03-14 07:33:57', '2025-03-14 07:33:57'),
(695, NULL, 'B25.195', NULL, NULL, NULL, 0, 0, NULL, '2025-03-14 07:33:57', '2025-03-14 07:33:57'),
(696, NULL, 'B25.196', NULL, NULL, NULL, 0, 0, NULL, '2025-03-14 07:33:57', '2025-03-14 07:33:57'),
(697, NULL, 'B25.197', NULL, NULL, NULL, 0, 0, NULL, '2025-03-14 07:33:57', '2025-03-14 07:33:57'),
(698, NULL, 'B25.198', NULL, NULL, NULL, 0, 0, NULL, '2025-03-14 07:33:57', '2025-03-14 07:33:57'),
(699, NULL, 'B25.199', NULL, NULL, NULL, 0, 0, NULL, '2025-03-14 07:33:57', '2025-03-14 07:33:57'),
(700, NULL, 'B25.200', NULL, NULL, NULL, 0, 0, NULL, '2025-03-14 07:33:57', '2025-03-14 07:33:57'),
(701, NULL, 'B25.201', NULL, NULL, NULL, 0, 0, NULL, '2025-03-14 07:33:57', '2025-03-14 07:33:57'),
(702, NULL, 'B25.202', NULL, NULL, NULL, 0, 0, NULL, '2025-03-14 07:33:57', '2025-03-14 07:33:57'),
(703, NULL, 'B25.203', NULL, NULL, NULL, 0, 0, NULL, '2025-03-14 07:33:57', '2025-03-14 07:33:57'),
(704, NULL, 'B25.204', NULL, NULL, NULL, 0, 0, NULL, '2025-03-14 07:33:57', '2025-03-14 07:33:57'),
(705, NULL, 'B25.205', NULL, NULL, NULL, 0, 0, NULL, '2025-03-14 07:33:57', '2025-03-14 07:33:57'),
(706, NULL, 'B25.206', NULL, NULL, NULL, 0, 0, NULL, '2025-03-14 07:33:57', '2025-03-14 07:33:57'),
(707, NULL, 'B25.207', NULL, NULL, NULL, 0, 0, NULL, '2025-03-14 07:33:57', '2025-03-14 07:33:57'),
(708, NULL, 'B25.208', NULL, NULL, NULL, 0, 0, NULL, '2025-03-14 07:33:57', '2025-03-14 07:33:57'),
(709, NULL, 'B25.209', NULL, NULL, NULL, 0, 0, NULL, '2025-03-14 07:33:57', '2025-03-14 07:33:57'),
(710, NULL, 'B25.210', NULL, NULL, NULL, 0, 0, NULL, '2025-03-14 07:33:57', '2025-03-14 07:33:57'),
(711, NULL, 'B25.211', NULL, NULL, NULL, 0, 0, NULL, '2025-03-14 07:33:57', '2025-03-14 07:33:57'),
(712, NULL, 'B25.212', NULL, NULL, NULL, 0, 0, NULL, '2025-03-14 07:33:57', '2025-03-14 07:33:57'),
(713, NULL, 'B25.213', NULL, NULL, NULL, 0, 0, NULL, '2025-03-14 07:33:57', '2025-03-14 07:33:57'),
(714, NULL, 'B25.214', NULL, NULL, NULL, 0, 0, NULL, '2025-03-14 07:33:57', '2025-03-14 07:33:57'),
(715, NULL, 'B25.215', NULL, NULL, NULL, 0, 0, NULL, '2025-03-14 07:33:57', '2025-03-14 07:33:57'),
(716, NULL, 'B25.216', NULL, NULL, NULL, 0, 0, NULL, '2025-03-14 07:33:57', '2025-03-14 07:33:57'),
(717, NULL, 'B25.217', NULL, NULL, NULL, 0, 0, NULL, '2025-03-14 07:33:57', '2025-03-14 07:33:57'),
(718, NULL, 'B25.218', NULL, NULL, NULL, 0, 0, NULL, '2025-03-14 07:33:57', '2025-03-14 07:33:57'),
(719, NULL, 'B25.219', NULL, NULL, NULL, 0, 0, NULL, '2025-03-14 07:33:57', '2025-03-14 07:33:57'),
(720, NULL, 'B25.220', NULL, NULL, NULL, 0, 0, NULL, '2025-03-14 07:33:57', '2025-03-14 07:33:57'),
(721, NULL, 'B25.221', NULL, NULL, NULL, 0, 0, NULL, '2025-03-14 07:33:57', '2025-03-14 07:33:57'),
(722, NULL, 'B25.222', NULL, NULL, NULL, 0, 0, NULL, '2025-03-14 07:33:57', '2025-03-14 07:33:57'),
(723, NULL, 'B25.223', NULL, NULL, NULL, 0, 0, NULL, '2025-03-14 07:33:57', '2025-03-14 07:33:57'),
(724, NULL, 'B25.224', NULL, NULL, NULL, 0, 0, NULL, '2025-03-14 07:33:57', '2025-03-14 07:33:57'),
(725, NULL, 'B25.225', NULL, NULL, NULL, 0, 0, NULL, '2025-03-14 07:33:57', '2025-03-14 07:33:57'),
(726, NULL, 'B25.226', NULL, NULL, NULL, 0, 0, NULL, '2025-03-14 07:33:57', '2025-03-14 07:33:57'),
(727, NULL, 'B25.227', NULL, NULL, NULL, 0, 0, NULL, '2025-03-14 07:33:57', '2025-03-14 07:33:57'),
(728, NULL, 'B25.228', NULL, NULL, NULL, 0, 0, NULL, '2025-03-14 07:33:57', '2025-03-14 07:33:57'),
(729, NULL, 'B25.229', NULL, NULL, NULL, 0, 0, NULL, '2025-03-14 07:33:57', '2025-03-14 07:33:57'),
(730, NULL, 'B25.230', NULL, NULL, NULL, 0, 0, NULL, '2025-03-14 07:33:57', '2025-03-14 07:33:57'),
(731, NULL, 'B25.231', NULL, NULL, NULL, 0, 0, NULL, '2025-03-14 07:33:57', '2025-03-14 07:33:57'),
(732, NULL, 'B25.232', NULL, NULL, NULL, 0, 0, NULL, '2025-03-14 07:33:57', '2025-03-14 07:33:57'),
(733, NULL, 'B25.233', NULL, NULL, NULL, 0, 0, NULL, '2025-03-14 07:33:57', '2025-03-14 07:33:57'),
(734, NULL, 'B25.234', NULL, NULL, NULL, 0, 0, NULL, '2025-03-14 07:33:57', '2025-03-14 07:33:57'),
(735, NULL, 'B25.235', NULL, NULL, NULL, 0, 0, NULL, '2025-03-14 07:33:57', '2025-03-14 07:33:57'),
(736, NULL, 'B25.236', NULL, NULL, NULL, 0, 0, NULL, '2025-03-14 07:33:57', '2025-03-14 07:33:57'),
(737, NULL, 'B25.237', NULL, NULL, NULL, 0, 0, NULL, '2025-03-14 07:33:57', '2025-03-14 07:33:57'),
(738, NULL, 'B25.238', NULL, NULL, NULL, 0, 0, NULL, '2025-03-14 07:33:57', '2025-03-14 07:33:57'),
(739, NULL, 'B25.239', NULL, NULL, NULL, 0, 0, NULL, '2025-03-14 07:33:57', '2025-03-14 07:33:57'),
(740, NULL, 'B25.240', NULL, NULL, NULL, 0, 0, NULL, '2025-03-14 07:33:57', '2025-03-14 07:33:57'),
(741, NULL, 'B25.241', NULL, NULL, NULL, 0, 0, NULL, '2025-03-14 07:33:57', '2025-03-14 07:33:57'),
(742, NULL, 'B25.242', NULL, NULL, NULL, 0, 0, NULL, '2025-03-14 07:33:57', '2025-03-14 07:33:57'),
(743, NULL, 'B25.243', NULL, NULL, NULL, 0, 0, NULL, '2025-03-14 07:33:57', '2025-03-14 07:33:57'),
(744, NULL, 'B25.244', NULL, NULL, NULL, 0, 0, NULL, '2025-03-14 07:33:57', '2025-03-14 07:33:57'),
(745, NULL, 'B25.245', NULL, NULL, NULL, 0, 0, NULL, '2025-03-14 07:33:57', '2025-03-14 07:33:57'),
(746, NULL, 'B25.246', NULL, NULL, NULL, 0, 0, NULL, '2025-03-14 07:33:57', '2025-03-14 07:33:57'),
(747, NULL, 'B25.247', NULL, NULL, NULL, 0, 0, NULL, '2025-03-14 07:33:57', '2025-03-14 07:33:57'),
(748, NULL, 'B25.248', NULL, NULL, NULL, 0, 0, NULL, '2025-03-14 07:33:57', '2025-03-14 07:33:57'),
(749, NULL, 'B25.249', NULL, NULL, NULL, 0, 0, NULL, '2025-03-14 07:33:57', '2025-03-14 07:33:57'),
(750, NULL, 'B25.250', NULL, NULL, NULL, 0, 0, NULL, '2025-03-14 07:33:57', '2025-03-14 07:33:57'),
(751, NULL, 'B25.251', NULL, NULL, NULL, 0, 0, NULL, '2025-03-14 07:33:57', '2025-03-14 07:33:57'),
(752, NULL, 'B25.252', NULL, NULL, NULL, 0, 0, NULL, '2025-03-14 07:33:57', '2025-03-14 07:33:57'),
(753, NULL, 'B25.253', NULL, NULL, NULL, 0, 0, NULL, '2025-03-14 07:33:57', '2025-03-14 07:33:57'),
(754, NULL, 'B25.254', NULL, NULL, NULL, 0, 0, NULL, '2025-03-14 07:33:57', '2025-03-14 07:33:57'),
(755, NULL, 'B25.255', NULL, NULL, NULL, 0, 0, NULL, '2025-03-14 07:33:57', '2025-03-14 07:33:57'),
(756, NULL, 'B25.256', NULL, NULL, NULL, 0, 0, NULL, '2025-03-14 07:33:57', '2025-03-14 07:33:57'),
(757, NULL, 'B25.257', NULL, NULL, NULL, 0, 0, NULL, '2025-03-14 07:33:57', '2025-03-14 07:33:57'),
(758, NULL, 'B25.258', NULL, NULL, NULL, 0, 0, NULL, '2025-03-14 07:33:57', '2025-03-14 07:33:57'),
(759, NULL, 'B25.259', NULL, NULL, NULL, 0, 0, NULL, '2025-03-14 07:33:57', '2025-03-14 07:33:57'),
(760, NULL, 'B25.260', NULL, NULL, NULL, 0, 0, NULL, '2025-03-14 07:33:57', '2025-03-14 07:33:57'),
(761, NULL, 'B25.261', NULL, NULL, NULL, 0, 0, NULL, '2025-03-14 07:33:57', '2025-03-14 07:33:57'),
(762, NULL, 'B25.262', NULL, NULL, NULL, 0, 0, NULL, '2025-03-14 07:33:57', '2025-03-14 07:33:57'),
(763, NULL, 'B25.263', NULL, NULL, NULL, 0, 0, NULL, '2025-03-14 07:33:57', '2025-03-14 07:33:57'),
(764, NULL, 'B25.264', NULL, NULL, NULL, 0, 0, NULL, '2025-03-14 07:33:57', '2025-03-14 07:33:57'),
(765, NULL, 'B25.265', NULL, NULL, NULL, 0, 0, NULL, '2025-03-14 07:33:57', '2025-03-14 07:33:57'),
(766, NULL, 'B25.266', NULL, NULL, NULL, 0, 0, NULL, '2025-03-14 07:33:57', '2025-03-14 07:33:57'),
(767, NULL, 'B25.267', NULL, NULL, NULL, 0, 0, NULL, '2025-03-14 07:33:57', '2025-03-14 07:33:57'),
(768, NULL, 'B25.268', NULL, NULL, NULL, 0, 0, NULL, '2025-03-14 07:33:57', '2025-03-14 07:33:57'),
(769, NULL, 'B25.269', NULL, NULL, NULL, 0, 0, NULL, '2025-03-14 07:33:57', '2025-03-14 07:33:57'),
(770, NULL, 'B25.270', NULL, NULL, NULL, 0, 0, NULL, '2025-03-14 07:33:57', '2025-03-14 07:33:57'),
(771, NULL, 'B25.271', NULL, NULL, NULL, 0, 0, NULL, '2025-03-14 07:33:57', '2025-03-14 07:33:57'),
(772, NULL, 'B25.272', NULL, NULL, NULL, 0, 0, NULL, '2025-03-14 07:33:57', '2025-03-14 07:33:57'),
(773, NULL, 'B25.273', NULL, NULL, NULL, 0, 0, NULL, '2025-03-14 07:33:57', '2025-03-14 07:33:57'),
(774, NULL, 'B25.274', NULL, NULL, NULL, 0, 0, NULL, '2025-03-14 07:33:57', '2025-03-14 07:33:57'),
(775, NULL, 'B25.275', NULL, NULL, NULL, 0, 0, NULL, '2025-03-14 07:33:57', '2025-03-14 07:33:57'),
(776, NULL, 'B25.276', NULL, NULL, NULL, 0, 0, NULL, '2025-03-14 07:33:57', '2025-03-14 07:33:57'),
(777, NULL, 'B25.277', NULL, NULL, NULL, 0, 0, NULL, '2025-03-14 07:33:57', '2025-03-14 07:33:57'),
(778, NULL, 'B25.278', NULL, NULL, NULL, 0, 0, NULL, '2025-03-14 07:33:57', '2025-03-14 07:33:57'),
(779, NULL, 'B25.279', NULL, NULL, NULL, 0, 0, NULL, '2025-03-14 07:33:57', '2025-03-14 07:33:57'),
(780, NULL, 'B25.280', NULL, NULL, NULL, 0, 0, NULL, '2025-03-14 07:33:57', '2025-03-14 07:33:57'),
(781, NULL, 'B25.281', NULL, NULL, NULL, 0, 0, NULL, '2025-03-14 07:33:57', '2025-03-14 07:33:57'),
(782, NULL, 'B25.282', NULL, NULL, NULL, 0, 0, NULL, '2025-03-14 07:33:57', '2025-03-14 07:33:57'),
(783, NULL, 'B25.283', NULL, NULL, NULL, 0, 0, NULL, '2025-03-14 07:33:57', '2025-03-14 07:33:57'),
(784, NULL, 'B25.284', NULL, NULL, NULL, 0, 0, NULL, '2025-03-14 07:33:57', '2025-03-14 07:33:57'),
(785, NULL, 'B25.285', NULL, NULL, NULL, 0, 0, NULL, '2025-03-14 07:33:57', '2025-03-14 07:33:57'),
(786, NULL, 'B25.286', NULL, NULL, NULL, 0, 0, NULL, '2025-03-14 07:33:57', '2025-03-14 07:33:57'),
(787, NULL, 'B25.287', NULL, NULL, NULL, 0, 0, NULL, '2025-03-14 07:33:57', '2025-03-14 07:33:57'),
(788, NULL, 'B25.288', NULL, NULL, NULL, 0, 0, NULL, '2025-03-14 07:33:57', '2025-03-14 07:33:57'),
(789, NULL, 'B25.289', NULL, NULL, NULL, 0, 0, NULL, '2025-03-14 07:33:57', '2025-03-14 07:33:57'),
(790, NULL, 'B25.290', NULL, NULL, NULL, 0, 0, NULL, '2025-03-14 07:33:57', '2025-03-14 07:33:57'),
(791, NULL, 'B25.291', NULL, NULL, NULL, 0, 0, NULL, '2025-03-14 07:33:57', '2025-03-14 07:33:57'),
(792, NULL, 'B25.292', NULL, NULL, NULL, 0, 0, NULL, '2025-03-14 07:33:57', '2025-03-14 07:33:57'),
(793, NULL, 'B25.293', NULL, NULL, NULL, 0, 0, NULL, '2025-03-14 07:33:57', '2025-03-14 07:33:57'),
(794, NULL, 'B25.294', NULL, NULL, NULL, 0, 0, NULL, '2025-03-14 07:33:57', '2025-03-14 07:33:57'),
(795, NULL, 'B25.295', NULL, NULL, NULL, 0, 0, NULL, '2025-03-14 07:33:57', '2025-03-14 07:33:57'),
(796, NULL, 'B25.296', NULL, NULL, NULL, 0, 0, NULL, '2025-03-14 07:33:57', '2025-03-14 07:33:57'),
(797, NULL, 'B25.297', NULL, NULL, NULL, 0, 0, NULL, '2025-03-14 07:33:57', '2025-03-14 07:33:57'),
(798, NULL, 'B25.298', NULL, NULL, NULL, 0, 0, NULL, '2025-03-14 07:33:57', '2025-03-14 07:33:57'),
(799, NULL, 'B25.299', NULL, NULL, NULL, 0, 0, NULL, '2025-03-14 07:33:57', '2025-03-14 07:33:57'),
(800, NULL, 'B25.300', NULL, NULL, NULL, 0, 0, NULL, '2025-03-14 07:33:57', '2025-03-14 07:33:57'),
(801, NULL, 'B25.301', NULL, NULL, NULL, 0, 0, NULL, '2025-03-14 07:33:57', '2025-03-14 07:33:57'),
(802, NULL, 'B25.302', NULL, NULL, NULL, 0, 0, NULL, '2025-03-14 07:33:57', '2025-03-14 07:33:57'),
(803, NULL, 'B25.303', NULL, NULL, NULL, 0, 0, NULL, '2025-03-14 07:33:57', '2025-03-14 07:33:57'),
(804, NULL, 'B25.304', NULL, NULL, NULL, 0, 0, NULL, '2025-03-14 07:33:57', '2025-03-14 07:33:57'),
(805, NULL, 'B25.305', NULL, NULL, NULL, 0, 0, NULL, '2025-03-14 07:33:57', '2025-03-14 07:33:57'),
(806, NULL, 'B25.306', NULL, NULL, NULL, 0, 0, NULL, '2025-03-14 07:33:57', '2025-03-14 07:33:57'),
(807, NULL, 'B25.307', NULL, NULL, NULL, 0, 0, NULL, '2025-03-14 07:33:57', '2025-03-14 07:33:57'),
(808, NULL, 'B25.308', NULL, NULL, NULL, 0, 0, NULL, '2025-03-14 07:33:57', '2025-03-14 07:33:57'),
(809, NULL, 'B25.309', NULL, NULL, NULL, 0, 0, NULL, '2025-03-14 07:33:57', '2025-03-14 07:33:57'),
(810, NULL, 'B25.310', NULL, NULL, NULL, 0, 0, NULL, '2025-03-14 07:33:57', '2025-03-14 07:33:57'),
(811, NULL, 'B25.311', NULL, NULL, NULL, 0, 0, NULL, '2025-03-14 07:33:57', '2025-03-14 07:33:57'),
(812, NULL, 'B25.312', NULL, NULL, NULL, 0, 0, NULL, '2025-03-14 07:33:57', '2025-03-14 07:33:57'),
(813, NULL, 'B25.313', NULL, NULL, NULL, 0, 0, NULL, '2025-03-14 07:33:57', '2025-03-14 07:33:57'),
(814, NULL, 'B25.314', NULL, NULL, NULL, 0, 0, NULL, '2025-03-14 07:33:57', '2025-03-14 07:33:57'),
(815, NULL, 'B25.315', NULL, NULL, NULL, 0, 0, NULL, '2025-03-14 07:33:57', '2025-03-14 07:33:57'),
(816, NULL, 'B25.316', NULL, NULL, NULL, 0, 0, NULL, '2025-03-14 07:33:57', '2025-03-14 07:33:57'),
(817, NULL, 'B25.317', NULL, NULL, NULL, 0, 0, NULL, '2025-03-14 07:33:57', '2025-03-14 07:33:57'),
(818, NULL, 'B25.318', NULL, NULL, NULL, 0, 0, NULL, '2025-03-14 07:33:57', '2025-03-14 07:33:57'),
(819, NULL, 'B25.319', NULL, NULL, NULL, 0, 0, NULL, '2025-03-14 07:33:57', '2025-03-14 07:33:57'),
(820, NULL, 'B25.320', NULL, NULL, NULL, 0, 0, NULL, '2025-03-14 07:33:57', '2025-03-14 07:33:57'),
(821, NULL, 'B25.321', NULL, NULL, NULL, 0, 0, NULL, '2025-03-14 07:33:57', '2025-03-14 07:33:57'),
(822, NULL, 'B25.322', NULL, NULL, NULL, 0, 0, NULL, '2025-03-14 07:33:57', '2025-03-14 07:33:57'),
(823, NULL, 'B25.323', NULL, NULL, NULL, 0, 0, NULL, '2025-03-14 07:33:57', '2025-03-14 07:33:57'),
(824, NULL, 'B25.324', NULL, NULL, NULL, 0, 0, NULL, '2025-03-14 07:33:57', '2025-03-14 07:33:57'),
(825, NULL, 'B25.325', NULL, NULL, NULL, 0, 0, NULL, '2025-03-14 07:33:57', '2025-03-14 07:33:57'),
(826, NULL, 'B25.326', NULL, NULL, NULL, 0, 0, NULL, '2025-03-14 07:33:57', '2025-03-14 07:33:57'),
(827, NULL, 'B25.327', NULL, NULL, NULL, 0, 0, NULL, '2025-03-14 07:33:57', '2025-03-14 07:33:57'),
(828, NULL, 'B25.328', NULL, NULL, NULL, 0, 0, NULL, '2025-03-14 07:33:57', '2025-03-14 07:33:57'),
(829, NULL, 'B25.329', NULL, NULL, NULL, 0, 0, NULL, '2025-03-14 07:33:57', '2025-03-14 07:33:57'),
(830, NULL, 'B25.330', NULL, NULL, NULL, 0, 0, NULL, '2025-03-14 07:33:57', '2025-03-14 07:33:57'),
(831, NULL, 'B25.331', NULL, NULL, NULL, 0, 0, NULL, '2025-03-14 07:33:57', '2025-03-14 07:33:57'),
(832, NULL, 'B25.332', NULL, NULL, NULL, 0, 0, NULL, '2025-03-14 07:33:57', '2025-03-14 07:33:57'),
(833, NULL, 'B25.333', NULL, NULL, NULL, 0, 0, NULL, '2025-03-14 07:33:57', '2025-03-14 07:33:57'),
(834, NULL, 'B25.334', NULL, NULL, NULL, 0, 0, NULL, '2025-03-14 07:33:57', '2025-03-14 07:33:57'),
(835, NULL, 'B25.335', NULL, NULL, NULL, 0, 0, NULL, '2025-03-14 07:33:57', '2025-03-14 07:33:57'),
(836, NULL, 'B25.336', NULL, NULL, NULL, 0, 0, NULL, '2025-03-14 07:33:57', '2025-03-14 07:33:57'),
(837, NULL, 'B25.337', NULL, NULL, NULL, 0, 0, NULL, '2025-03-14 07:33:57', '2025-03-14 07:33:57'),
(838, NULL, 'B25.338', NULL, NULL, NULL, 0, 0, NULL, '2025-03-14 07:33:57', '2025-03-14 07:33:57'),
(839, NULL, 'B25.339', NULL, NULL, NULL, 0, 0, NULL, '2025-03-14 07:33:57', '2025-03-14 07:33:57'),
(840, NULL, 'B25.340', NULL, NULL, NULL, 0, 0, NULL, '2025-03-14 07:33:57', '2025-03-14 07:33:57'),
(841, NULL, 'B25.341', NULL, NULL, NULL, 0, 0, NULL, '2025-03-14 07:33:57', '2025-03-14 07:33:57'),
(842, NULL, 'B25.342', NULL, NULL, NULL, 0, 0, NULL, '2025-03-14 07:33:57', '2025-03-14 07:33:57'),
(843, NULL, 'B25.343', NULL, NULL, NULL, 0, 0, NULL, '2025-03-14 07:33:57', '2025-03-14 07:33:57'),
(844, NULL, 'B25.344', NULL, NULL, NULL, 0, 0, NULL, '2025-03-14 07:33:57', '2025-03-14 07:33:57'),
(845, NULL, 'B25.345', NULL, NULL, NULL, 0, 0, NULL, '2025-03-14 07:33:57', '2025-03-14 07:33:57'),
(846, NULL, 'B25.346', NULL, NULL, NULL, 0, 0, NULL, '2025-03-14 07:33:57', '2025-03-14 07:33:57'),
(847, NULL, 'B25.347', NULL, NULL, NULL, 0, 0, NULL, '2025-03-14 07:33:57', '2025-03-14 07:33:57'),
(848, NULL, 'B25.348', NULL, NULL, NULL, 0, 0, NULL, '2025-03-14 07:33:57', '2025-03-14 07:33:57'),
(849, NULL, 'B25.349', NULL, NULL, NULL, 0, 0, NULL, '2025-03-14 07:33:57', '2025-03-14 07:33:57'),
(850, NULL, 'B25.350', NULL, NULL, NULL, 0, 0, NULL, '2025-03-14 07:33:57', '2025-03-14 07:33:57'),
(851, NULL, 'B25.351', NULL, NULL, NULL, 0, 0, NULL, '2025-03-14 07:33:57', '2025-03-14 07:33:57'),
(852, NULL, 'B25.352', NULL, NULL, NULL, 0, 0, NULL, '2025-03-14 07:33:57', '2025-03-14 07:33:57'),
(853, NULL, 'B25.353', NULL, NULL, NULL, 0, 0, NULL, '2025-03-14 07:33:57', '2025-03-14 07:33:57'),
(854, NULL, 'B25.354', NULL, NULL, NULL, 0, 0, NULL, '2025-03-14 07:33:57', '2025-03-14 07:33:57'),
(855, NULL, 'B25.355', NULL, NULL, NULL, 0, 0, NULL, '2025-03-14 07:33:57', '2025-03-14 07:33:57'),
(856, NULL, 'B25.356', NULL, NULL, NULL, 0, 0, NULL, '2025-03-14 07:33:57', '2025-03-14 07:33:57'),
(857, NULL, 'B25.357', NULL, NULL, NULL, 0, 0, NULL, '2025-03-14 07:33:57', '2025-03-14 07:33:57'),
(858, NULL, 'B25.358', NULL, NULL, NULL, 0, 0, NULL, '2025-03-14 07:33:57', '2025-03-14 07:33:57'),
(859, NULL, 'B25.359', NULL, NULL, NULL, 0, 0, NULL, '2025-03-14 07:33:57', '2025-03-14 07:33:57'),
(860, NULL, 'B25.360', NULL, NULL, NULL, 0, 0, NULL, '2025-03-14 07:33:57', '2025-03-14 07:33:57'),
(861, NULL, 'B25.361', NULL, NULL, NULL, 0, 0, NULL, '2025-03-14 07:33:57', '2025-03-14 07:33:57'),
(862, NULL, 'B25.362', NULL, NULL, NULL, 0, 0, NULL, '2025-03-14 07:33:57', '2025-03-14 07:33:57'),
(863, NULL, 'B25.363', NULL, NULL, NULL, 0, 0, NULL, '2025-03-14 07:33:57', '2025-03-14 07:33:57'),
(864, NULL, 'B25.364', NULL, NULL, NULL, 0, 0, NULL, '2025-03-14 07:33:57', '2025-03-14 07:33:57'),
(865, NULL, 'B25.365', NULL, NULL, NULL, 0, 0, NULL, '2025-03-14 07:33:57', '2025-03-14 07:33:57'),
(866, NULL, 'B25.366', NULL, NULL, NULL, 0, 0, NULL, '2025-03-14 07:33:57', '2025-03-14 07:33:57'),
(867, NULL, 'B25.367', NULL, NULL, NULL, 0, 0, NULL, '2025-03-14 07:33:57', '2025-03-14 07:33:57'),
(868, NULL, 'B25.368', NULL, NULL, NULL, 0, 0, NULL, '2025-03-14 07:33:57', '2025-03-14 07:33:57'),
(869, NULL, 'B25.369', NULL, NULL, NULL, 0, 0, NULL, '2025-03-14 07:33:57', '2025-03-14 07:33:57'),
(870, NULL, 'B25.370', NULL, NULL, NULL, 0, 0, NULL, '2025-03-14 07:33:57', '2025-03-14 07:33:57'),
(871, NULL, 'B25.371', NULL, NULL, NULL, 0, 0, NULL, '2025-03-14 07:33:57', '2025-03-14 07:33:57'),
(872, NULL, 'B25.372', NULL, NULL, NULL, 0, 0, NULL, '2025-03-14 07:33:57', '2025-03-14 07:33:57'),
(873, NULL, 'B25.373', NULL, NULL, NULL, 0, 0, NULL, '2025-03-14 07:33:57', '2025-03-14 07:33:57'),
(874, NULL, 'B25.374', NULL, NULL, NULL, 0, 0, NULL, '2025-03-14 07:33:57', '2025-03-14 07:33:57'),
(875, NULL, 'B25.375', NULL, NULL, NULL, 0, 0, NULL, '2025-03-14 07:33:57', '2025-03-14 07:33:57'),
(876, NULL, 'B25.376', NULL, NULL, NULL, 0, 0, NULL, '2025-03-14 07:33:57', '2025-03-14 07:33:57'),
(877, NULL, 'B25.377', NULL, NULL, NULL, 0, 0, NULL, '2025-03-14 07:33:57', '2025-03-14 07:33:57'),
(878, NULL, 'B25.378', NULL, NULL, NULL, 0, 0, NULL, '2025-03-14 07:33:57', '2025-03-14 07:33:57'),
(879, NULL, 'B25.379', NULL, NULL, NULL, 0, 0, NULL, '2025-03-14 07:33:57', '2025-03-14 07:33:57'),
(880, NULL, 'B25.380', NULL, NULL, NULL, 0, 0, NULL, '2025-03-14 07:33:57', '2025-03-14 07:33:57'),
(881, NULL, 'B25.381', NULL, NULL, NULL, 0, 0, NULL, '2025-03-14 07:33:57', '2025-03-14 07:33:57'),
(882, NULL, 'B25.382', NULL, NULL, NULL, 0, 0, NULL, '2025-03-14 07:33:57', '2025-03-14 07:33:57'),
(883, NULL, 'B25.383', NULL, NULL, NULL, 0, 0, NULL, '2025-03-14 07:33:57', '2025-03-14 07:33:57'),
(884, NULL, 'B25.384', NULL, NULL, NULL, 0, 0, NULL, '2025-03-14 07:33:57', '2025-03-14 07:33:57'),
(885, NULL, 'B25.385', NULL, NULL, NULL, 0, 0, NULL, '2025-03-14 07:33:57', '2025-03-14 07:33:57'),
(886, NULL, 'B25.386', NULL, NULL, NULL, 0, 0, NULL, '2025-03-14 07:33:57', '2025-03-14 07:33:57'),
(887, NULL, 'B25.387', NULL, NULL, NULL, 0, 0, NULL, '2025-03-14 07:33:57', '2025-03-14 07:33:57'),
(888, NULL, 'B25.388', NULL, NULL, NULL, 0, 0, NULL, '2025-03-14 07:33:57', '2025-03-14 07:33:57'),
(889, NULL, 'B25.389', NULL, NULL, NULL, 0, 0, NULL, '2025-03-14 07:33:57', '2025-03-14 07:33:57'),
(890, NULL, 'B25.390', NULL, NULL, NULL, 0, 0, NULL, '2025-03-14 07:33:57', '2025-03-14 07:33:57'),
(891, NULL, 'B25.391', NULL, NULL, NULL, 0, 0, NULL, '2025-03-14 07:33:57', '2025-03-14 07:33:57'),
(892, NULL, 'B25.392', NULL, NULL, NULL, 0, 0, NULL, '2025-03-14 07:33:57', '2025-03-14 07:33:57'),
(893, NULL, 'B25.393', NULL, NULL, NULL, 0, 0, NULL, '2025-03-14 07:33:57', '2025-03-14 07:33:57'),
(894, NULL, 'B25.394', NULL, NULL, NULL, 0, 0, NULL, '2025-03-14 07:33:57', '2025-03-14 07:33:57'),
(895, NULL, 'B25.395', NULL, NULL, NULL, 0, 0, NULL, '2025-03-14 07:33:57', '2025-03-14 07:33:57'),
(896, NULL, 'B25.396', NULL, NULL, NULL, 0, 0, NULL, '2025-03-14 07:33:57', '2025-03-14 07:33:57'),
(897, NULL, 'B25.397', NULL, NULL, NULL, 0, 0, NULL, '2025-03-14 07:33:57', '2025-03-14 07:33:57'),
(898, NULL, 'B25.398', NULL, NULL, NULL, 0, 0, NULL, '2025-03-14 07:33:57', '2025-03-14 07:33:57'),
(899, NULL, 'B25.399', NULL, NULL, NULL, 0, 0, NULL, '2025-03-14 07:33:57', '2025-03-14 07:33:57'),
(900, NULL, 'B25.400', NULL, NULL, NULL, 0, 0, NULL, '2025-03-14 07:33:57', '2025-03-14 07:33:57'),
(901, NULL, 'B25.401', NULL, NULL, NULL, 0, 0, NULL, '2025-03-14 07:33:57', '2025-03-14 07:33:57'),
(902, NULL, 'B25.402', NULL, NULL, NULL, 0, 0, NULL, '2025-03-14 07:33:57', '2025-03-14 07:33:57'),
(903, NULL, 'B25.403', NULL, NULL, NULL, 0, 0, NULL, '2025-03-14 07:33:57', '2025-03-14 07:33:57'),
(904, NULL, 'B25.404', NULL, NULL, NULL, 0, 0, NULL, '2025-03-14 07:33:57', '2025-03-14 07:33:57'),
(905, NULL, 'B25.405', NULL, NULL, NULL, 0, 0, NULL, '2025-03-14 07:33:57', '2025-03-14 07:33:57'),
(906, NULL, 'B25.406', NULL, NULL, NULL, 0, 0, NULL, '2025-03-14 07:33:57', '2025-03-14 07:33:57'),
(907, NULL, 'B25.407', NULL, NULL, NULL, 0, 0, NULL, '2025-03-14 07:33:57', '2025-03-14 07:33:57'),
(908, NULL, 'B25.408', NULL, NULL, NULL, 0, 0, NULL, '2025-03-14 07:33:57', '2025-03-14 07:33:57'),
(909, NULL, 'B25.409', NULL, NULL, NULL, 0, 0, NULL, '2025-03-14 07:33:57', '2025-03-14 07:33:57'),
(910, NULL, 'B25.410', NULL, NULL, NULL, 0, 0, NULL, '2025-03-14 07:33:57', '2025-03-14 07:33:57'),
(911, NULL, 'B25.411', NULL, NULL, NULL, 0, 0, NULL, '2025-03-14 07:33:57', '2025-03-14 07:33:57'),
(912, NULL, 'B25.412', NULL, NULL, NULL, 0, 0, NULL, '2025-03-14 07:33:57', '2025-03-14 07:33:57'),
(913, NULL, 'B25.413', NULL, NULL, NULL, 0, 0, NULL, '2025-03-14 07:33:57', '2025-03-14 07:33:57'),
(914, NULL, 'B25.414', NULL, NULL, NULL, 0, 0, NULL, '2025-03-14 07:33:57', '2025-03-14 07:33:57'),
(915, NULL, 'B25.415', NULL, NULL, NULL, 0, 0, NULL, '2025-03-14 07:33:57', '2025-03-14 07:33:57'),
(916, NULL, 'B25.416', NULL, NULL, NULL, 0, 0, NULL, '2025-03-14 07:33:57', '2025-03-14 07:33:57'),
(917, NULL, 'B25.417', NULL, NULL, NULL, 0, 0, NULL, '2025-03-14 07:33:57', '2025-03-14 07:33:57'),
(918, NULL, 'B25.418', NULL, NULL, NULL, 0, 0, NULL, '2025-03-14 07:33:57', '2025-03-14 07:33:57'),
(919, NULL, 'B25.419', NULL, NULL, NULL, 0, 0, NULL, '2025-03-14 07:33:57', '2025-03-14 07:33:57'),
(920, NULL, 'B25.420', NULL, NULL, NULL, 0, 0, NULL, '2025-03-14 07:33:57', '2025-03-14 07:33:57'),
(921, NULL, 'B25.421', NULL, NULL, NULL, 0, 0, NULL, '2025-03-14 07:33:57', '2025-03-14 07:33:57'),
(922, NULL, 'B25.422', NULL, NULL, NULL, 0, 0, NULL, '2025-03-14 07:33:57', '2025-03-14 07:33:57'),
(923, NULL, 'B25.423', NULL, NULL, NULL, 0, 0, NULL, '2025-03-14 07:33:57', '2025-03-14 07:33:57'),
(924, NULL, 'B25.424', NULL, NULL, NULL, 0, 0, NULL, '2025-03-14 07:33:57', '2025-03-14 07:33:57'),
(925, NULL, 'B25.425', NULL, NULL, NULL, 0, 0, NULL, '2025-03-14 07:33:57', '2025-03-14 07:33:57'),
(926, NULL, 'B25.426', NULL, NULL, NULL, 0, 0, NULL, '2025-03-14 07:33:57', '2025-03-14 07:33:57'),
(927, NULL, 'B25.427', NULL, NULL, NULL, 0, 0, NULL, '2025-03-14 07:33:57', '2025-03-14 07:33:57'),
(928, NULL, 'B25.428', NULL, NULL, NULL, 0, 0, NULL, '2025-03-14 07:33:57', '2025-03-14 07:33:57'),
(929, NULL, 'B25.429', NULL, NULL, NULL, 0, 0, NULL, '2025-03-14 07:33:57', '2025-03-14 07:33:57'),
(930, NULL, 'B25.430', NULL, NULL, NULL, 0, 0, NULL, '2025-03-14 07:33:57', '2025-03-14 07:33:57'),
(931, NULL, 'B25.431', NULL, NULL, NULL, 0, 0, NULL, '2025-03-14 07:33:57', '2025-03-14 07:33:57'),
(932, NULL, 'B25.432', NULL, NULL, NULL, 0, 0, NULL, '2025-03-14 07:33:57', '2025-03-14 07:33:57'),
(933, NULL, 'B25.433', NULL, NULL, NULL, 0, 0, NULL, '2025-03-14 07:33:57', '2025-03-14 07:33:57'),
(934, NULL, 'B25.434', NULL, NULL, NULL, 0, 0, NULL, '2025-03-14 07:33:57', '2025-03-14 07:33:57'),
(935, NULL, 'B25.435', NULL, NULL, NULL, 0, 0, NULL, '2025-03-14 07:33:57', '2025-03-14 07:33:57'),
(936, NULL, 'B25.436', NULL, NULL, NULL, 0, 0, NULL, '2025-03-14 07:33:57', '2025-03-14 07:33:57'),
(937, NULL, 'B25.437', NULL, NULL, NULL, 0, 0, NULL, '2025-03-14 07:33:57', '2025-03-14 07:33:57'),
(938, NULL, 'B25.438', NULL, NULL, NULL, 0, 0, NULL, '2025-03-14 07:33:57', '2025-03-14 07:33:57'),
(939, NULL, 'B25.439', NULL, NULL, NULL, 0, 0, NULL, '2025-03-14 07:33:57', '2025-03-14 07:33:57'),
(940, NULL, 'B25.440', NULL, NULL, NULL, 0, 0, NULL, '2025-03-14 07:33:57', '2025-03-14 07:33:57'),
(941, NULL, 'B25.441', NULL, NULL, NULL, 0, 0, NULL, '2025-03-14 07:33:57', '2025-03-14 07:33:57'),
(942, NULL, 'B25.442', NULL, NULL, NULL, 0, 0, NULL, '2025-03-14 07:33:57', '2025-03-14 07:33:57'),
(943, NULL, 'B25.443', NULL, NULL, NULL, 0, 0, NULL, '2025-03-14 07:33:57', '2025-03-14 07:33:57'),
(944, NULL, 'B25.444', NULL, NULL, NULL, 0, 0, NULL, '2025-03-14 07:33:57', '2025-03-14 07:33:57'),
(945, NULL, 'B25.445', NULL, NULL, NULL, 0, 0, NULL, '2025-03-14 07:33:57', '2025-03-14 07:33:57'),
(946, NULL, 'B25.446', NULL, NULL, NULL, 0, 0, NULL, '2025-03-14 07:33:57', '2025-03-14 07:33:57'),
(947, NULL, 'B25.447', NULL, NULL, NULL, 0, 0, NULL, '2025-03-14 07:33:57', '2025-03-14 07:33:57'),
(948, NULL, 'B25.448', NULL, NULL, NULL, 0, 0, NULL, '2025-03-14 07:33:57', '2025-03-14 07:33:57'),
(949, NULL, 'B25.449', NULL, NULL, NULL, 0, 0, NULL, '2025-03-14 07:33:57', '2025-03-14 07:33:57'),
(950, NULL, 'B25.450', NULL, NULL, NULL, 0, 0, NULL, '2025-03-14 07:33:57', '2025-03-14 07:33:57'),
(951, NULL, 'B25.451', NULL, NULL, NULL, 0, 0, NULL, '2025-03-14 07:33:57', '2025-03-14 07:33:57'),
(952, NULL, 'B25.452', NULL, NULL, NULL, 0, 0, NULL, '2025-03-14 07:33:57', '2025-03-14 07:33:57'),
(953, NULL, 'B25.453', NULL, NULL, NULL, 0, 0, NULL, '2025-03-14 07:33:57', '2025-03-14 07:33:57'),
(954, NULL, 'B25.454', NULL, NULL, NULL, 0, 0, NULL, '2025-03-14 07:33:57', '2025-03-14 07:33:57'),
(955, NULL, 'B25.455', NULL, NULL, NULL, 0, 0, NULL, '2025-03-14 07:33:57', '2025-03-14 07:33:57'),
(956, NULL, 'B25.456', NULL, NULL, NULL, 0, 0, NULL, '2025-03-14 07:33:57', '2025-03-14 07:33:57'),
(957, NULL, 'B25.457', NULL, NULL, NULL, 0, 0, NULL, '2025-03-14 07:33:57', '2025-03-14 07:33:57'),
(958, NULL, 'B25.458', NULL, NULL, NULL, 0, 0, NULL, '2025-03-14 07:33:57', '2025-03-14 07:33:57'),
(959, NULL, 'B25.459', NULL, NULL, NULL, 0, 0, NULL, '2025-03-14 07:33:57', '2025-03-14 07:33:57'),
(960, NULL, 'B25.460', NULL, NULL, NULL, 0, 0, NULL, '2025-03-14 07:33:57', '2025-03-14 07:33:57'),
(961, NULL, 'B25.461', NULL, NULL, NULL, 0, 0, NULL, '2025-03-14 07:33:57', '2025-03-14 07:33:57'),
(962, NULL, 'B25.462', NULL, NULL, NULL, 0, 0, NULL, '2025-03-14 07:33:57', '2025-03-14 07:33:57'),
(963, NULL, 'B25.463', NULL, NULL, NULL, 0, 0, NULL, '2025-03-14 07:33:57', '2025-03-14 07:33:57'),
(964, NULL, 'B25.464', NULL, NULL, NULL, 0, 0, NULL, '2025-03-14 07:33:57', '2025-03-14 07:33:57'),
(965, NULL, 'B25.465', NULL, NULL, NULL, 0, 0, NULL, '2025-03-14 07:33:57', '2025-03-14 07:33:57'),
(966, NULL, 'B25.466', NULL, NULL, NULL, 0, 0, NULL, '2025-03-14 07:33:57', '2025-03-14 07:33:57'),
(967, NULL, 'B25.467', NULL, NULL, NULL, 0, 0, NULL, '2025-03-14 07:33:57', '2025-03-14 07:33:57'),
(968, NULL, 'B25.468', NULL, NULL, NULL, 0, 0, NULL, '2025-03-14 07:33:57', '2025-03-14 07:33:57'),
(969, NULL, 'B25.469', NULL, NULL, NULL, 0, 0, NULL, '2025-03-14 07:33:57', '2025-03-14 07:33:57'),
(970, NULL, 'B25.470', NULL, NULL, NULL, 0, 0, NULL, '2025-03-14 07:33:57', '2025-03-14 07:33:57'),
(971, NULL, 'B25.471', NULL, NULL, NULL, 0, 0, NULL, '2025-03-14 07:33:57', '2025-03-14 07:33:57'),
(972, NULL, 'B25.472', NULL, NULL, NULL, 0, 0, NULL, '2025-03-14 07:33:57', '2025-03-14 07:33:57'),
(973, NULL, 'B25.473', NULL, NULL, NULL, 0, 0, NULL, '2025-03-14 07:33:57', '2025-03-14 07:33:57'),
(974, NULL, 'B25.474', NULL, NULL, NULL, 0, 0, NULL, '2025-03-14 07:33:57', '2025-03-14 07:33:57'),
(975, NULL, 'B25.475', NULL, NULL, NULL, 0, 0, NULL, '2025-03-14 07:33:57', '2025-03-14 07:33:57'),
(976, NULL, 'B25.476', NULL, NULL, NULL, 0, 0, NULL, '2025-03-14 07:33:57', '2025-03-14 07:33:57'),
(977, NULL, 'B25.477', NULL, NULL, NULL, 0, 0, NULL, '2025-03-14 07:33:57', '2025-03-14 07:33:57'),
(978, NULL, 'B25.478', NULL, NULL, NULL, 0, 0, NULL, '2025-03-14 07:33:57', '2025-03-14 07:33:57'),
(979, NULL, 'B25.479', NULL, NULL, NULL, 0, 0, NULL, '2025-03-14 07:33:57', '2025-03-14 07:33:57'),
(980, NULL, 'B25.480', NULL, NULL, NULL, 0, 0, NULL, '2025-03-14 07:33:57', '2025-03-14 07:33:57'),
(981, NULL, 'B25.481', NULL, NULL, NULL, 0, 0, NULL, '2025-03-14 07:33:57', '2025-03-14 07:33:57'),
(982, NULL, 'B25.482', NULL, NULL, NULL, 0, 0, NULL, '2025-03-14 07:33:57', '2025-03-14 07:33:57'),
(983, NULL, 'B25.483', NULL, NULL, NULL, 0, 0, NULL, '2025-03-14 07:33:57', '2025-03-14 07:33:57'),
(984, NULL, 'B25.484', NULL, NULL, NULL, 0, 0, NULL, '2025-03-14 07:33:57', '2025-03-14 07:33:57'),
(985, NULL, 'B25.485', NULL, NULL, NULL, 0, 0, NULL, '2025-03-14 07:33:57', '2025-03-14 07:33:57'),
(986, NULL, 'B25.486', NULL, NULL, NULL, 0, 0, NULL, '2025-03-14 07:33:57', '2025-03-14 07:33:57'),
(987, NULL, 'B25.487', NULL, NULL, NULL, 0, 0, NULL, '2025-03-14 07:33:57', '2025-03-14 07:33:57'),
(988, NULL, 'B25.488', NULL, NULL, NULL, 0, 0, NULL, '2025-03-14 07:33:57', '2025-03-14 07:33:57'),
(989, NULL, 'B25.489', NULL, NULL, NULL, 0, 0, NULL, '2025-03-14 07:33:57', '2025-03-14 07:33:57'),
(990, NULL, 'B25.490', NULL, NULL, NULL, 0, 0, NULL, '2025-03-14 07:33:57', '2025-03-14 07:33:57'),
(991, NULL, 'B25.491', NULL, NULL, NULL, 0, 0, NULL, '2025-03-14 07:33:57', '2025-03-14 07:33:57'),
(992, NULL, 'B25.492', NULL, NULL, NULL, 0, 0, NULL, '2025-03-14 07:33:57', '2025-03-14 07:33:57'),
(993, NULL, 'B25.493', NULL, NULL, NULL, 0, 0, NULL, '2025-03-14 07:33:57', '2025-03-14 07:33:57'),
(994, NULL, 'B25.494', NULL, NULL, NULL, 0, 0, NULL, '2025-03-14 07:33:57', '2025-03-14 07:33:57'),
(995, NULL, 'B25.495', NULL, NULL, NULL, 0, 0, NULL, '2025-03-14 07:33:57', '2025-03-14 07:33:57'),
(996, NULL, 'B25.496', NULL, NULL, NULL, 0, 0, NULL, '2025-03-14 07:33:57', '2025-03-14 07:33:57'),
(997, NULL, 'B25.497', NULL, NULL, NULL, 0, 0, NULL, '2025-03-14 07:33:57', '2025-03-14 07:33:57'),
(998, NULL, 'B25.498', NULL, NULL, NULL, 0, 0, NULL, '2025-03-14 07:33:57', '2025-03-14 07:33:57'),
(999, NULL, 'B25.499', NULL, NULL, NULL, 0, 0, NULL, '2025-03-14 07:33:57', '2025-03-14 07:33:57'),
(1000, NULL, 'B25.500', NULL, NULL, NULL, 0, 0, NULL, '2025-03-14 07:33:57', '2025-03-14 07:33:57'),
(1001, NULL, 'B24.231', 2, 4, 'Compiègne', 1, 0, '66 logements', '2025-03-14 07:35:45', '2025-03-14 10:12:09');

INSERT INTO `project_user` (`id`, `project_id`, `user_id`, `created_at`, `updated_at`) VALUES
(1, 1001, 8, NULL, NULL),
(2, 506, 8, NULL, NULL);

INSERT INTO `files` (`id`, `project_id`, `user_id`, `name`, `extension`, `comment`, `is_validated`, `validated_time`, `type`, `is_last_index`, `distribution_count`, `created_at`, `updated_at`) VALUES
(1, 1001, 4, '100-ind-0-batiment-a-et-b-armatures-massifs-semelles-poteaux.pdf', 'pdf', NULL, 1, '2025-03-14 08:41:56', 'ferraillage', 1, 1, '2025-03-14 07:39:07', '2025-03-14 07:44:36'),
(2, 1001, 4, 'a01-ind-b-batiment-a-coffrage-fondations.pdf', 'pdf', NULL, 1, '2025-03-14 08:41:57', 'coffrage', 1, 0, '2025-03-14 07:39:43', '2025-03-14 07:41:57'),
(3, 1001, 4, 'a02-ind-a-batiment-a-coffrage-ph-rdc.pdf', 'pdf', NULL, 1, '2025-03-14 08:41:58', 'coffrage', 1, 0, '2025-03-14 07:39:43', '2025-03-14 07:41:58'),
(4, 1001, 4, 'a101-ind-0-batiment-a-armatures-dalles.pdf', 'pdf', NULL, 1, '2025-03-14 08:41:58', 'ferraillage', 1, 0, '2025-03-14 07:39:43', '2025-03-14 07:41:58'),
(5, 1001, 4, 'b01-ind-b-batiment-b-coffrage-fondations.pdf', 'pdf', NULL, 1, '2025-03-14 08:41:59', 'coffrage', 1, 0, '2025-03-14 07:39:43', '2025-03-14 07:41:59'),
(6, 1001, 4, 'b02-ind-a-batiment-b-coffrage-ph-rdc.pdf', 'pdf', NULL, 1, '2025-03-14 08:42:01', 'coffrage', 1, 0, '2025-03-14 07:39:43', '2025-03-14 07:42:01'),
(7, 1001, 4, 'b101-ind-0-batiment-b-armatures-dalles.pdf', 'pdf', NULL, 1, '2025-03-14 08:42:04', 'ferraillage', 1, 0, '2025-03-14 07:39:43', '2025-03-14 07:42:04'),
(8, 1001, 4, 'g01-ind-0-fondations-grue-coffrage-et-armatures.pdf', 'pdf', NULL, 1, '2025-03-14 08:42:11', 'divers', 1, 0, '2025-03-14 07:39:43', '2025-03-14 07:42:11'),
(10, 1001, 4, 'tr01-ind-0-batiment-b-local-transformateur.pdf', 'pdf', NULL, 1, '2025-03-14 09:15:56', 'divers', 1, 0, '2025-03-14 07:39:43', '2025-03-14 08:15:56'),
(11, 506, 5, 'n100-fondations-lots-1-a-23-semelles-chainages-armatures.pdf', 'pdf', NULL, 1, '2025-03-14 08:50:21', 'ferraillage', 1, 1, '2025-03-14 07:49:11', '2025-03-14 07:50:45'),
(12, 506, 5, 'n01-fondations-lots-1-a-7-coffrage.pdf', 'pdf', NULL, 1, '2025-03-14 08:50:22', 'coffrage', 1, 0, '2025-03-14 07:49:11', '2025-03-14 07:50:22'),
(13, 506, 5, 'n02-fondations-lots-8-a-10-coffrage.pdf', 'pdf', NULL, 1, '2025-03-14 08:50:23', 'coffrage', 1, 1, '2025-03-14 07:49:11', '2025-03-14 07:52:27'),
(14, 506, 5, 'n03-fondations-lots-11-12-20-a-23-coffrage.pdf', 'pdf', NULL, 1, '2025-03-14 08:50:23', 'coffrage', 1, 0, '2025-03-14 07:49:11', '2025-03-14 07:50:23'),
(15, 506, 5, 'n04-fondations-lots-13-a-19-coffrage.pdf', 'pdf', NULL, 1, '2025-03-14 08:50:24', 'coffrage', 1, 0, '2025-03-14 07:49:11', '2025-03-14 07:50:24'),
(21, 502, 5, '100-ind-0-batiment-a-et-b-armatures-massifs-semelles-poteaux.pdf', 'pdf', NULL, 0, NULL, 'undefine', 1, 1, '2025-03-14 08:51:50', '2025-03-14 08:51:54'),
(22, 502, 5, 'a01-ind-b-batiment-a-coffrage-fondations.pdf', 'pdf', NULL, 0, NULL, 'undefine', 1, 1, '2025-03-14 08:59:07', '2025-03-14 08:59:12'),
(24, 501, 5, '20241230-aulnay-sous-bois-rn-2-mar-plans-a24-plan-rdc-bat-de.pdf', 'pdf', NULL, 0, NULL, 'undefine', 1, 1, '2025-03-14 11:56:32', '2025-03-14 11:56:49');

INSERT INTO `migrations` (`id`, `migration`, `batch`) VALUES
(1, '0001_01_01_000000_create_companies_table', 1),
(2, '0001_01_01_000001_create_users_table', 1),
(3, '0001_01_01_000002_create_projects_table', 1),
(4, '0001_01_01_000003_create_project_user_table', 1),
(5, '0001_01_01_000005_create_files_table', 1);
