INSERT INTO `companies` (`id`, `name`, `created_at`, `updated_at`) VALUES
(1, 'BECIP', '2025-03-13 10:56:49', '2025-03-17 17:22:05'),
(2, 'ANDRE SARL', '2025-03-14 06:29:14', '2025-03-14 06:29:14'),
(3, 'COBAT CONSTRUCTIONS', '2025-03-14 08:36:20', '2025-03-14 08:36:20'),
(4, 'COBAT CONSTRUCTEURS', '2025-03-14 08:36:46', '2025-03-14 08:36:46'),
(5, 'EOS CONSTRUCTION', '2025-03-14 08:36:54', '2025-03-14 08:36:54'),
(6, 'SOGECO', '2025-03-14 08:36:59', '2025-03-14 08:36:59'),
(7, 'LEGENDRE', '2025-03-14 11:03:35', '2025-03-14 11:03:35'),
(8, 'GENETIN', '2025-03-17 17:19:54', '2025-03-17 17:19:54'),
(9, 'DEMATHIEU BARD', '2025-03-17 17:21:29', '2025-03-17 17:21:29'),
(10, 'EMR BATIMENT', '2025-03-17 17:26:11', '2025-03-17 17:26:11'),
(11, 'SOGEBAT', '2025-03-17 17:26:57', '2025-03-17 17:26:57'),
(12, 'BECIA', '2025-03-17 17:31:11', '2025-03-17 17:31:11'),
(13, 'BOUYGUES - GO', '2025-03-17 17:36:01', '2025-03-17 17:36:01'),
(14, 'GP ARCHITECTES', '2025-03-17 17:37:23', '2025-03-17 17:37:23'),
(15, 'NODELYA', '2025-03-17 17:40:01', '2025-03-17 17:40:01'),
(16, 'AFI BATIMENT', '2025-03-17 17:42:27', '2025-03-17 17:42:27'),
(17, 'THERY TP', '2025-03-17 17:43:38', '2025-03-17 17:43:38'),
(18, 'HAINAULT', '2025-03-21 14:14:04', '2025-03-21 14:14:04'),
(19, 'EIFFAGE', '2025-03-21 14:32:11', '2025-03-21 14:32:11'),
(20, 'DELMOTE', '2025-03-21 15:05:15', '2025-03-21 15:05:15');

INSERT INTO `users` (`id`, `name`, `phone`, `company_id`, `email`, `email_verified_at`, `password`, `role`, `remember_token`, `created_at`, `updated_at`) VALUES
 (1, 'ADMIN SERVER', NULL,1, 'celestin@honvault.com', NULL, '$2y$12$gaGE.QnM1Fm9/4XIEMZ9qOLdClsQHKsrdq9RP1DZet2rvKLbUq2hW', 'engineer', '02ADi2q6pVpXs5wUEy79ZiE2BO3EHQIXkC6uGHpC5ALN0TtDF7vAOyDxGd4z', '2025-03-14 06:22:50', '2025-03-16 13:42:42'),
 (4, 'FOURNET Florent', NULL, 1, 'f.fournet@becip.fr', NULL, '$2y$12$NBMkvV.kb3P1gfF3k7WXzuNaL6BkaIlhd4ZzZ/v1CIsmNDLpYfQVu', 'engineer', 'zKhW9cYQfkn7p3XyGjih7w0PIgIG3StecB7rzNR6tw9kVYBTavvbF5NmB19J', '2025-03-14 06:22:50', '2025-03-14 06:22:50'),
 (5, 'BELLAMY Julien', NULL, 1, 'j.bellamy@becip.fr', NULL, '$2y$12$m0Ne1McAN4y.EV/O3oxMk.A4trFE6uCQ1TWdgsE/M/BID8ICFuD1q', 'engineer', 'ysbKzs7H6DJtl01iwvQkdsyr7SfJCcl6yncpifHEaah70f2wyFvVdECnwqzB', '2025-03-14 06:24:16', '2025-03-14 06:27:26'),
 (6, 'ROCHER Arnaud', NULL, 1, 'a.rocher@becip.fr', NULL, '$2y$12$0ab42Xfsxf0axNYIuMVTE.2W8LnysN2QqMRIsrjjkGx3wCj4qGar.', 'drawer', NULL, '2025-03-14 06:24:55', '2025-03-14 08:25:55'),
 (8, 'SIROU Vincent', NULL, 2, 'vincent.sirou@andre-construction.com', NULL, '$2y$12$vlJMp4EQc4sbN6Byxc8jk.UYd0heC44fVjNjm4mLFaXrPATEFvKqK', 'client', NULL, '2025-03-14 06:30:31', '2025-03-14 06:30:31'),
 (12, 'Secrétariat Plans', NULL, 1, 'secretaire@beciptirage.fr', NULL, '$2y$12$5l8h2lAce4sSqhxl50sGo.c9z9GmajQ2jdkoky6Srgk/lZItYb9sq', 'secretary', NULL, '2025-03-14 07:28:59', '2025-03-14 07:28:59'),
 (13, 'YONTING Alexis', NULL, 1, 'a.yonting@becip.fr', NULL, '$2y$12$3SjW49Sv57dB0Izmn2QFGeUyo7Oa9bTF1T9Jt.MaZHQBJSN7pbq5a', 'drawer', 'JoNeYld7usvMasWqngQgp4D2Ufcctm2h1AFlHFzwVmtXZ90IOFJcopwLsatm', '2025-03-14 08:29:52', '2025-03-20 11:32:19'),
 (14, 'GUEZELLO Nicolas', NULL, 1, 'n.guezello@becip.fr', NULL, '$2y$12$jIzi279LkcnHbHoOYSZ99e6Our6yhi.oT/2lGOnpZVELbzCylEW7G', 'drawer', 'bgduLO1k4WTKzBe1CRaJekEXoL76JZ6hpLqLFu1oDkLsLgHW6zUTHKCx1qpS', '2025-03-14 08:30:52', '2025-03-14 08:30:52'),
 (15, 'MOROY Baptiste', NULL, 1, 'b.moroy@becip.fr', NULL, '$2y$12$WJjyuahJpJg/I1OiBe9l6ug5rGde.vUjU6j.rIyKYhBSAp6ASFGPW', 'drawer', NULL, '2025-03-14 08:31:13', '2025-03-14 08:31:13'),
 (16, 'MOUSSIER Pauline', NULL, 1, 'p.moussier@becip.fr', NULL, '$2y$12$cVMk8r/zOmjdUhUs.4hVYuQo942OIZ7oYHyM37uUgAeXczp13KFwu', 'drawer', NULL, '2025-03-14 08:31:32', '2025-03-14 08:31:32'),
 (17, 'DASILVA Eric', NULL, 1, 'e.dasilva@becip.fr', NULL, '$2y$12$QoX87YMToMhQFhyE5BblHOgm6A34nM2WNa2mjh6zzAJnI0YQZ/v.O', 'drawer', NULL, '2025-03-14 08:32:12', '2025-03-14 08:32:12'),
 (19, 'CAMBON Maxim', NULL, 1, 'm.cambon@becip.fr', NULL, '$2y$12$XNxfjaZqKYlXNqr3623seeDylBBrRoAA4I.qITkDjXbHrtnln.ZsG', 'drawer', '68SRomhlz269HA6JKyyKWvdAsTixLVRYwNrg5iKIGbHOvU5oxzLg49YYsSwR', '2025-03-14 08:32:54', '2025-03-19 15:28:38'),
 (20, 'DACRUZ Alexis', NULL, 1, 'a.dacruz@becip.fr', NULL, '$2y$12$3bXQuWWv0/JH6ja0RQ3sFuN2RW9LDnQpwrdfbTPzUWpn4J.CjMJgq', 'drawer', NULL, '2025-03-14 08:33:11', '2025-03-14 08:33:11'),
 (21, 'COURTA Rosan', NULL, 1, 'r.courta@becip.fr', NULL, '$2y$12$EX3ol0rzEUif0HFO1SiS8e6Hj3kuFXTfs13lqzamK4XLuBs4OZpy6', 'drawer', NULL, '2025-03-14 08:33:34', '2025-03-14 08:33:34'),
 (22, 'MOREL Loic', NULL, 1, 'l.morel@becip.fr', NULL, '$2y$12$uOJYBdZmkaxM2yOsWIyo0.aiX2jmfxd9Juk3A7yK5HnDJzHCO90xK', 'drawer', NULL, '2025-03-14 08:34:35', '2025-03-14 08:34:35'),
 (23, 'RICHARD Tom', NULL, 1, 't.richard@becip.fr', NULL, '$2y$12$zUZQX1GrisVXJAQXTJS5aebN0YBZG3FiveUllu3zRpC65i94ZAjw.', 'drawer', NULL, '2025-03-14 08:34:51', '2025-03-14 08:34:51'),
 (24, 'LELEU Aurore', NULL, 1, 'a.leleu@becip.fr', NULL, '$2y$12$ZliGzM/AdBeutUGewivqYe/4SdTFhfKmIQg7u3WDTVARgnemECrwe', 'secretary', NULL, '2025-03-14 08:35:21', '2025-03-14 08:35:21'),
 (25, 'BATHILY Woorkhiya', NULL, 1, 'w.bathily@becip.fr', NULL, '$2y$12$16nxGw645QMJl2MyB0aP0uSBE2juM0A9cTaohw6vtsf2PUjHnC/Lq', 'secretary', 'jgakJqmcHBd4CrZ7I41zK26Sq6LfxUCjd8xTMLtDiFhK6bjgelyb4820t3kG', '2025-03-14 10:28:46', '2025-03-17 11:57:31'),
 (26, 'LEBLANC Jérôme', NULL, 5, 'j.leblanc@eos-construction.fr', NULL, '$2y$12$fc6anHHSXxOqyiuITXfZsuv25LPHcY.6xNU21D/3/Vc7E8v9nIbFK', 'client', NULL, '2025-03-17 09:29:37', '2025-03-17 09:29:37'),
 (27, 'DUPARC Christophe', NULL, 5, 'c.duparc@eos-construction.fr', NULL, '$2y$12$x8IzQLUaGk.F3NxI4sfLoe6F.A.KzyDab2Ks7DBdipyrpxUciuJdy', 'client', 'rjGlAFxTyNlaHpHXCmmHUbGVfrOvGcGHhQQxTEvWlKHiiGLPTYG6jiR5JkCt', '2025-03-17 09:30:01', '2025-03-21 08:33:56'),
 (28, 'SCHULLER Christophe', NULL, 5, 'c.schuller@eos-construction.fr', NULL, '$2y$12$LCrwhpIZ81NyEK32b2seleLk9nouh3KnIoFQUQwd8HWXowpox61e6', 'client', NULL, '2025-03-17 09:30:26', '2025-03-17 09:30:26'),
 (31, 'FOURNET Florentclient', NULL, NULL, 'florent.fournet@gmail.com', NULL, '$2y$12$zNKFuYBN.KdEDW79f3OVKO.Pub6.fWGJiGOXyqGmtqzC7HJ6v/Cma', 'client', 'kE0xFCnJfexvGgQZuGptpH1AJU1b8CrZnXhTkyhPefabZiC9PW1OaC8PPPV5', '2025-03-17 12:06:01', '2025-03-21 14:36:29'),
 (32, 'GUENOLE Claire', NULL, 7, 'claire.guenole@groupe-legendre.com', NULL, '$2y$12$3e3K2kfzOn7aqkYnKN2WDOCDwTNmbTzvppO9TyTK/TGNlL.Qzym.K', 'client', NULL, '2025-03-20 15:17:58', '2025-03-20 15:17:58'),
 (33, 'QUESNOT Thomas', NULL, 7, 'thomas.quesnot@groupe-legendre.com', NULL, '$2y$12$uN2WgLdvX7ezVR2GV/UjdeIYKazQVce34HPSuHeColJ0j4EnzjPBe', 'client', NULL, '2025-03-20 15:18:33', '2025-03-20 15:18:33'),
 (34, 'PARRY jeremy', NULL, 7, 'jeremy.parry@groupe-legendre.com', NULL, '$2y$12$gPP9I8utKWZy2GyZnK/4NOkMuzwUJI.MYIdywsOZQSquhiJ1dhNLC', 'client', NULL, '2025-03-20 15:25:58', '2025-03-20 15:25:58'),
 (35, 'GROSSET Julien', NULL, 7, 'julien.grosset@groupe-legendre.com', NULL, '$2y$12$JTAlVrxr3ZpbIj42Uwnave/KKSTKx4Xzf2KNvx9jHEVitU5HG4o8C', 'client', NULL, '2025-03-20 15:26:22', '2025-03-20 15:26:22'),
 (36, 'DANY Philippe', NULL, 1, 'p.dany@becip.fr', NULL, '$2y$12$4Q1zamtTpwhrVnxDpf3/LOChA2foAmGCTt9NpzE5jlz9qc7c/eArK', 'drawer', '6nhj9GbKzl5FkfNqhaGaX4yFmej0RhKBkzqQjPGJRLXcyGwVhh7Tuhd1IuKu', '2025-03-21 09:10:34', '2025-03-21 09:49:36'),
 (37, 'DUFRESNE Jérôme', NULL, 18, 'jdufresne@hainaultsa.com', NULL, '$2y$12$h7NbqWyGej7py6TqcMWbuOiF2Mt1b7RREm1UmiL2BWIbH68mqENp6', 'client', '2PKdwRCLLMCpPZM9lJchiMKzlSzXIxYJuGMwHzQDtwFmzzfbgWfTWUBauljq', '2025-03-21 14:14:35', '2025-03-21 14:23:34'),
 (38, 'LEROY JeanMichel', NULL, 18, 'jmleroy@hainaultsa.com', NULL, '$2y$12$Z4V9xsyJICZao4ktLtFOAuK/BA/SY4KKR/yHuiJ93xAHDyoYBnIj6', 'client', NULL, '2025-03-21 14:15:19', '2025-03-21 14:15:19'),
 (39, 'PRACHE Vincent', NULL, 18, 'vprache@hainaultsa.com', NULL, '$2y$12$iIq3SsB867jZgZwaQ5W.gOOnPcUaKYV6HL.Uib2NH9WKkQtV8oGGi', 'client', NULL, '2025-03-21 14:23:11', '2025-03-21 14:23:11'),
 (40, 'LAUDE Michel', NULL, 19, 'michel.laude@eiffage.com', NULL, '$2y$12$Fm/2CPQncaEBGNEKmpxb4ewFZCa3QCeI2E4jEjiNO8RFRfUPdfnHu', 'client', NULL, '2025-03-21 14:33:04', '2025-03-21 14:34:01'),
 (41, 'COLLERY Vivien', NULL, 19, 'vivien.collery@eiffage.com', NULL, '$2y$12$4kgrNX.tvHL8rn55NkqWWu35r2yl4hBqYlJ9p69A8n55S/k6qgTvS', 'client', NULL, '2025-03-21 14:33:45', '2025-03-21 14:33:45'),
 (42, 'DIAS Alexis', NULL, 19, 'alexis.dias@eiffage.com', NULL, '$2y$12$v9IcTYErkuRyfnBXYBQZRehdF6sjkVmM0zRf2PXiMQY4VvtZ.F5iW', 'client', NULL, '2025-03-21 14:34:44', '2025-03-21 14:34:44'),
 (43, 'DEMAGALHAES Philippe', NULL, 19, 'Philippe.DEMAGALHAES@eiffage.com', NULL, '$2y$12$2ag8te9sWC.JXsBrRbj4.uYsvnGzkaoc3tLkE8T9g4POdLZ/bYHZe', 'client', NULL, '2025-03-21 14:35:28', '2025-03-21 14:35:28'),
 (44, 'FOUGERES Corentin', NULL, 13, 'co.fougeres@bouygues-construction.com', NULL, '$2y$12$CAjZJ4Do2HzQ5XTP4nfDI.ZOAUhGX.EPqO2ZTEaUO/NrN2OB0eMi.', 'client', NULL, '2025-03-21 14:50:10', '2025-03-21 14:50:10'),
 (45, 'KERLEAU Maxime', NULL, 13, 'm.kerleau@bouygues-construction.com', NULL, '$2y$12$9r5KpR0i.oD9xHMOR2mHZeAsHDDRaOi52bUH7rf76tNIgpGxROIiy', 'client', 'VAwa1lyQKwX9tdsG5nJLpHg0TI7lCr0nuZ2ZekJquX4PCZ1vPsMIKMnmjC9l', '2025-03-21 14:50:43', '2025-03-21 16:57:49'),
 (46, 'ROCHARD Antoine', NULL, 13, 'a.rochard@bouygues-construction.com', NULL, '$2y$12$BlFRhFLWEtsDCksxGGNzb.Tz7SmnRQx/KAmdlTgoJ3x4nuyNQALBi', 'client', NULL, '2025-03-21 14:51:21', '2025-03-21 14:51:21'),
 (47, 'LEBORGNE Pierre', NULL, 13, 'pi.leborgne@bouygues-construction.com', NULL, '$2y$12$S3tz9ImBjzVD.RYtNZsxU.SEDDyCLCIHwHzhsoS/6A04yt2huocla', 'client', NULL, '2025-03-21 14:51:51', '2025-03-21 14:51:51'),
 (48, 'MERLIN Thomas', NULL, 13, 't.merlin@bouygues-construction.com', NULL, '$2y$12$A90zXfm8wumtK8aiUygNRu5kGpli2tEKCQUrnJLjVkyXqhD6Uye..', 'client', NULL, '2025-03-21 14:55:05', '2025-03-21 14:55:05'),
 (49, 'BOZKAYA Sinan', NULL, 2, 'sinan.bozkaya@andre-construction.com', NULL, '$2y$12$YEypIe4MqaBCZOv8hZyXNu5RGRml5iH4vs6w6hbUGZqFxNL2g08wa', 'client', NULL, '2025-03-21 14:57:59', '2025-03-21 14:57:59'),
 (50, 'LUIS Ferreira', NULL, 9, 'Luis.FERREIRA@demathieu-bard.fr', NULL, '$2y$12$nWkLdNcx3/rg2XLH33Oir.QAjgxk5oN3DYDhD4ILrwUbRgQANAIea', 'client', NULL, '2025-03-21 15:02:31', '2025-03-21 15:02:31'),
 (51, 'CHAMPREDONDE Baptiste', NULL, 9, 'Baptiste.CHAMPREDONDE@demathieu-bard.fr', NULL, '$2y$12$/v5/qFlsrMfRECB5eGDKGOP1IF64oEPv3DaS53/8pML8ypZgvbL/S', 'client', NULL, '2025-03-21 15:02:49', '2025-03-21 15:02:49'),
 (52, 'LEDOUX Thomas', NULL, 9, 'Thomas.LEDOUX@demathieu-bard.fr', NULL, '$2y$12$TtZlJVWP6nDatM0T1bHuE.RJn6oEJn6Ceo9SYHfcSmSv/94BEb/ce', 'client', NULL, '2025-03-21 15:03:12', '2025-03-21 15:03:12'),
 (53, 'DELMOTE Laurent', NULL, 20, 'contact@delmote.fr', NULL, '$2y$12$Vhq6skq2/ouV6Cjai6EqHO45.ZiLyRvnAq2BRoJin7da2sN/pjcJy', 'client', NULL, '2025-03-21 15:05:50', '2025-03-21 15:05:50'),
 (54, 'BOUDRY Benoit', NULL, 19, 'Benoit.BOUDRY@eiffage.com', NULL, '$2y$12$pjh.MUhnl5nMfZi9uDVKsOtzoMLU0PwpmKTg3p.7dZlEw1ain4tE2', 'client', NULL, '2025-03-21 15:16:49', '2025-03-21 15:16:49');


INSERT INTO `projects` (`id`, `namelong`, `name`, `company_id`, `referent_id`, `address`, `is_mask_valided`, `is_mask_distributed`, `comment`, `created_at`, `updated_at`) VALUES
(501, 'VAUREAL - GUISSET Immobilier', 'B25.001', 10, 5, NULL, 0, 0, NULL, '2025-03-14 06:33:57', '2025-03-17 17:26:24'),
(502, 'PARIS - TENNIS CLUB', 'B25.002', 8, 5, NULL, 0, 0, NULL, '2025-03-14 06:33:57', '2025-03-17 17:28:26'),
(503, 'LE HAVRE - Justification charpente', 'B25.003', 11, 5, NULL, 0, 0, NULL, '2025-03-14 06:33:57', '2025-03-17 17:28:45'),
(504, 'CORMEILLES - SAINT GOBAIN', 'B25.004', 8, 5, NULL, 0, 0, NULL, '2025-03-14 06:33:57', '2025-03-17 17:29:12'),
(505, 'BEAUVAIS - DIAG CPAM', 'B25.005', NULL, 5, NULL, 0, 0, NULL, '2025-03-14 06:33:57', '2025-03-17 17:30:16'),
(506, 'LA CHAPELLE AUX POTS', 'B25.006', 2, 5, 'La Chapelle aux Pots', 1, 0, NULL, '2025-03-14 06:33:57', '2025-03-17 17:29:49'),
(507, 'CREVECOEUR - 14 logements', 'B25.007', 2, 5, NULL, 0, 0, NULL, '2025-03-14 06:33:57', '2025-03-17 17:30:43'),
(508, 'PARIS - JEAN NICOT', 'B25.008', 12, 4, NULL, 0, 0, NULL, '2025-03-14 06:33:57', '2025-03-17 17:31:39'),
(509, 'MAGNY EN VEXIN - Gendarmerie', 'B25.009', 9, 4, NULL, 0, 0, NULL, '2025-03-14 06:33:57', '2025-03-17 17:33:22'),
(510, 'BLAINVILLE - 63 logements', 'B25.010', 7, 4, NULL, 0, 1, NULL, '2025-03-14 06:33:57', '2025-03-20 15:55:07'),
(511, 'PRECY - Diag BAILLON', 'B25.011', NULL, 4, NULL, 0, 0, NULL, '2025-03-14 06:33:57', '2025-03-17 17:33:53'),
(512, 'AMIENS - LCL étude portance', 'B25.012', NULL, 5, NULL, 0, 0, NULL, '2025-03-14 06:33:57', '2025-03-17 17:34:28'),
(513, 'CLERMONT - VAL60', 'B25.013', NULL, 4, NULL, 0, 0, NULL, '2025-03-14 06:33:57', '2025-03-17 17:35:14'),
(514, 'FRANQUEVILLE - 94 logements', 'B25.014', 13, 4, NULL, 0, 0, NULL, '2025-03-14 06:33:57', '2025-03-17 17:36:28'),
(515, 'ETREPAGNY - Diag pignon', 'B25.015', NULL, 5, NULL, 0, 0, NULL, '2025-03-14 06:33:57', '2025-03-17 17:36:53'),
(516, 'BEAUVAIS - ALDEBERT', 'B25.016', 14, 5, NULL, 0, 0, NULL, '2025-03-14 06:33:57', '2025-03-17 17:39:26'),
(517, 'SAINT VALERY', 'B25.017', 15, 5, NULL, 0, 0, NULL, '2025-03-14 06:33:57', '2025-03-17 17:40:30'),
(518, 'BEAUVAIS - Boulangerie Ange', 'B25.018', 15, 5, NULL, 0, 0, NULL, '2025-03-14 06:33:57', '2025-03-17 17:41:01'),
(519, 'PLENEUF - Avis fissure', 'B25.019', 15, 5, NULL, 0, 0, NULL, '2025-03-14 06:33:57', '2025-03-17 17:41:31'),
(520, 'SOISSONS - Paul de Nerval', 'B25.020', 9, 5, NULL, 0, 0, NULL, '2025-03-14 06:33:57', '2025-03-17 17:42:03'),
(521, 'SAINT OUEN - SYCTOM', 'B25.021', 16, 5, NULL, 0, 0, NULL, '2025-03-14 06:33:57', '2025-03-17 17:43:19'),
(522, 'MONTHERLANT - METHANISATION', 'B25.022', 17, 4, NULL, 0, 0, NULL, '2025-03-14 06:33:57', '2025-03-17 17:44:11'),
(526, 'BEAUVAIS EHPAD', 'B25.026', 19, 5, NULL, 0, 0, NULL, '2025-03-14 06:33:57', '2025-03-21 14:37:25'),
(527, 'OSNY - CONCESSION AUTOMOBILE', 'B25.027', 18, 4, '2, Chaussée Jules César  95520 OSNY', 0, 0, 'Dessinateur Eric DA SILVA', '2025-03-14 06:33:57', '2025-03-21 14:38:17'),
(528, 'LILLEBONNE RUE DES MEUNIERS', 'B25.028', 13, 4, NULL, 0, 0, NULL, '2025-03-14 06:33:57', '2025-03-21 14:54:06'),
(553, 'BEAUCHAMP - Aménagement Curie', 'B25.053', NULL, 5, NULL, 0, 0, NULL, '2025-03-14 06:33:57', '2025-03-17 17:24:28'),
(554, 'BEAUCHAMP - Aménagement Pasteur', 'B25.054', NULL, 5, NULL, 0, 0, NULL, '2025-03-14 06:33:57', '2025-03-17 17:25:07'),
(555, 'MONTATAIRE - Construction de 29 logements', 'B25.055', 9, 4, NULL, 0, 0, NULL, '2025-03-14 06:33:57', '2025-03-17 17:23:10'),
(556, 'CREIL - Construction de 37 logements', 'B25.056', 9, 4, NULL, 0, 0, NULL, '2025-03-14 06:33:57', '2025-03-17 17:23:41'),
(557, 'BEAUCHAMP - Maison des associations', 'B25.057', 8, 5, NULL, 0, 0, NULL, '2025-03-14 06:33:57', '2025-03-17 17:20:38'),
(558, 'DURY - KRYS', 'B25.058', 20, 5, NULL, 0, 0, NULL, '2025-03-14 06:33:57', '2025-03-21 15:06:25'),
(1001, 'COMPIEGNE 66 LOGEMENTS', 'B24.231', 2, 4, 'Compiègne', 1, 0, '66 logements', '2025-03-14 06:35:45', '2025-03-17 16:38:22'),
(1515, 'SENLIS 92 LOGEMENTS', 'B24.217', 5, 4, NULL, 0, 0, NULL, '2025-03-17 10:46:01', '2025-03-20 15:07:02'),
(1516, 'LEGENDRE - C2C- STE ADRESSE', 'B24.206', 7, 4, NULL, 0, 0, NULL, '2025-03-20 15:17:11', '2025-03-20 15:17:11'),
(1517, 'SENLIS ORDENER', 'B24.230', 2, 4, NULL, 0, 0, NULL, '2025-03-21 14:59:01', '2025-03-21 14:59:01'),
(1518, 'CORBIE - 57 Logements', 'B25.025', 19, 5, NULL, 0, 0, NULL, '2025-03-21 15:11:35', '2025-03-21 15:11:56');

INSERT INTO `project_user` (`id`, `project_id`, `user_id`, `created_at`, `updated_at`) VALUES
(1, 1001, 8, NULL, NULL),
(2, 506, 8, NULL, NULL),
(3, 1515, 26, NULL, NULL),
(4, 1515, 27, NULL, NULL),
(5, 1515, 28, NULL, NULL),
(6, 1515, 31, NULL, NULL),
(7, 1516, 32, NULL, NULL),
(8, 1516, 33, NULL, NULL),
(9, 510, 34, NULL, NULL),
(10, 510, 35, NULL, NULL),
(11, 527, 37, NULL, NULL),
(12, 527, 38, NULL, NULL),
(13, 526, 40, NULL, NULL),
(14, 526, 41, NULL, NULL),
(15, 526, 42, NULL, NULL),
(16, 526, 43, NULL, NULL),
(17, 514, 44, NULL, NULL),
(18, 514, 45, NULL, NULL),
(19, 528, 46, NULL, NULL),
(20, 528, 47, NULL, NULL),
(21, 528, 48, NULL, NULL),
(22, 1517, 49, NULL, NULL),
(23, 509, 50, NULL, NULL),
(24, 509, 51, NULL, NULL),
(25, 509, 52, NULL, NULL),
(26, 558, 53, NULL, NULL),
(27, 1518, 54, NULL, NULL);


INSERT INTO `files` (`id`, `project_id`, `user_id`, `name`, `extension`, `comment`, `is_validated`, `validated_time`, `type`, `is_last_index`, `distribution_count`, `created_at`, `updated_at`) VALUES
(1, 1001, 4, '100-ind-0-batiment-a-et-b-armatures-massifs-semelles-poteaux.pdf', 'pdf', NULL, 1, '2025-03-14 08:41:56', 'ferraillage', 1, 1, '2025-03-14 06:39:07', '2025-03-14 06:44:36'),
(2, 1001, 4, 'a01-ind-b-batiment-a-coffrage-fondations.pdf', 'pdf', NULL, 1, '2025-03-14 08:41:57', 'coffrage', 1, 0, '2025-03-14 06:39:43', '2025-03-14 06:41:57'),
(3, 1001, 4, 'a02-ind-a-batiment-a-coffrage-ph-rdc.pdf', 'pdf', NULL, 1, '2025-03-14 08:41:58', 'coffrage', 1, 0, '2025-03-14 06:39:43', '2025-03-14 06:41:58'),
(4, 1001, 4, 'a101-ind-0-batiment-a-armatures-dalles.pdf', 'pdf', NULL, 1, '2025-03-14 08:41:58', 'ferraillage', 1, 0, '2025-03-14 06:39:43', '2025-03-14 06:41:58'),
(5, 1001, 4, 'b01-ind-b-batiment-b-coffrage-fondations.pdf', 'pdf', NULL, 1, '2025-03-14 08:41:59', 'coffrage', 1, 0, '2025-03-14 06:39:43', '2025-03-14 06:41:59'),
(6, 1001, 4, 'b02-ind-a-batiment-b-coffrage-ph-rdc.pdf', 'pdf', NULL, 1, '2025-03-14 08:42:01', 'coffrage', 1, 0, '2025-03-14 06:39:43', '2025-03-14 06:42:01'),
(7, 1001, 4, 'b101-ind-0-batiment-b-armatures-dalles.pdf', 'pdf', NULL, 1, '2025-03-14 08:42:04', 'ferraillage', 1, 0, '2025-03-14 06:39:43', '2025-03-14 06:42:04'),
(8, 1001, 4, 'g01-ind-0-fondations-grue-coffrage-et-armatures.pdf', 'pdf', NULL, 1, '2025-03-14 08:42:11', 'divers', 1, 0, '2025-03-14 06:39:43', '2025-03-14 06:42:11'),
(10, 1001, 4, 'tr01-ind-0-batiment-b-local-transformateur.pdf', 'pdf', NULL, 1, '2025-03-14 09:15:56', 'divers', 1, 0, '2025-03-14 06:39:43', '2025-03-14 07:15:56'),
(11, 506, 5, 'n100-fondations-lots-1-a-23-semelles-chainages-armatures.pdf', 'pdf', NULL, 1, '2025-03-14 08:50:21', 'ferraillage', 0, 1, '2025-03-14 06:49:11', '2025-03-17 11:50:46'),
(12, 506, 5, 'n01-fondations-lots-1-a-7-coffrage.pdf', 'pdf', NULL, 1, '2025-03-14 08:50:22', 'coffrage', 0, 0, '2025-03-14 06:49:11', '2025-03-17 11:50:47'),
(13, 506, 5, 'n02-fondations-lots-8-a-10-coffrage.pdf', 'pdf', NULL, 1, '2025-03-14 08:50:23', 'coffrage', 1, 1, '2025-03-14 06:49:11', '2025-03-14 06:52:27'),
(14, 506, 5, 'n03-fondations-lots-11-12-20-a-23-coffrage.pdf', 'pdf', NULL, 1, '2025-03-14 08:50:23', 'coffrage', 0, 0, '2025-03-14 06:49:11', '2025-03-17 11:50:46'),
(15, 506, 5, 'n04-fondations-lots-13-a-19-coffrage.pdf', 'pdf', NULL, 1, '2025-03-14 08:50:24', 'coffrage', 0, 0, '2025-03-14 06:49:11', '2025-03-17 11:50:45'),
(34, 1515, 4, '100-armt-grue-ind-0.pdf', 'pdf', NULL, 1, '2025-03-20 16:07:47', 'ferraillage', 1, 0, '2025-03-17 10:47:11', '2025-03-20 15:07:47'),
(35, 1515, 4, '101-armt-massifs-et-semelles-des-fondations-bat-ab-ind-0.pdf', 'pdf', NULL, 1, '2025-03-20 16:07:45', 'ferraillage', 1, 0, '2025-03-17 10:47:11', '2025-03-20 15:07:45'),
(36, 1515, 4, '102-armt-dalle-des-fondations-bat-cd-ind-b.pdf', 'pdf', NULL, 1, '2025-03-20 16:07:37', 'ferraillage', 1, 0, '2025-03-17 10:47:11', '2025-03-20 15:07:37'),
(37, 1515, 4, '103-armt-semel-fond-batt-cd-ind-a.pdf', 'pdf', NULL, 1, '2025-03-20 16:07:36', 'ferraillage', 1, 0, '2025-03-17 10:47:11', '2025-03-20 15:07:36'),
(38, 1515, 4, '104-armtsemelles-et-dalle-des-fondations-maisons-ind-0.pdf', 'pdf', NULL, 1, '2025-03-20 16:07:36', 'ferraillage', 1, 0, '2025-03-17 10:47:11', '2025-03-20 15:07:36'),
(39, 1515, 4, '105-armt-longr-bat-c-ind-0.pdf', 'pdf', NULL, 1, '2025-03-20 16:07:35', 'ferraillage', 1, 0, '2025-03-17 10:47:11', '2025-03-20 15:07:35'),
(40, 1515, 4, '106-armt-voiles-lint-bat-c-ind-0.pdf', 'pdf', NULL, 1, '2025-03-20 16:07:34', 'ferraillage', 1, 0, '2025-03-17 10:47:11', '2025-03-20 15:07:34'),
(41, 1515, 4, '107-armt-voiles-lint-bat-d-ind-0.pdf', 'pdf', NULL, 1, '2025-03-20 16:07:32', 'ferraillage', 1, 0, '2025-03-17 10:47:11', '2025-03-20 15:07:32'),
(42, 1515, 4, '108-armt-voiles-lint-maisons-ind-0.pdf', 'pdf', NULL, 1, '2025-03-20 16:07:33', 'ferraillage', 1, 0, '2025-03-17 10:47:11', '2025-03-20 15:07:33'),
(43, 1515, 4, '109-armt-voiles-et-lint-sous-sol-bat-ab-ind-0.pdf', 'pdf', NULL, 1, '2025-03-20 16:07:34', 'ferraillage', 1, 0, '2025-03-17 10:47:11', '2025-03-20 15:07:34'),
(45, 1515, 4, '111-armt-poutres-ph-sous-sol-bat-ab-ind-0.pdf', 'pdf', NULL, 1, '2025-03-20 16:13:50', 'ferraillage', 1, 0, '2025-03-17 10:47:11', '2025-03-20 15:13:50'),
(51, 1001, 14, 'a200-ind-0-batiment-a-voiles-et-linteaux.pdf', 'pdf', NULL, 1, '2025-03-18 17:25:09', 'ferraillage', 1, 0, '2025-03-18 15:07:33', '2025-03-18 16:25:09'),
(52, 1001, 14, 'a02-ind-b-batiment-a-coffrage-ph-rdc.pdf', 'pdf', NULL, 1, '2025-03-18 17:25:09', 'coffrage', 1, 0, '2025-03-18 15:07:33', '2025-03-18 16:25:09'),
(53, 1001, 14, 'b02-ind-b-batiment-b-coffrage-ph-rdc.pdf', 'pdf', NULL, 1, '2025-03-18 17:25:09', 'coffrage', 1, 0, '2025-03-18 15:07:33', '2025-03-18 16:25:09'),
(54, 1001, 14, 'b200-ind-0-batiment-b-voiles-et-linteaux.pdf', 'pdf', NULL, 1, '2025-03-18 17:25:14', 'ferraillage', 1, 0, '2025-03-18 15:07:33', '2025-03-18 16:25:14'),
(55, 1001, 14, 'b201-ind-0-batiment-b-poteaux-poutres.pdf', 'pdf', NULL, 1, '2025-03-18 17:25:13', 'ferraillage', 1, 0, '2025-03-18 15:07:33', '2025-03-18 16:25:13'),
(56, 1001, 14, 'a201-ind-0-batiment-a-poteaux-poutres.pdf', 'pdf', NULL, 1, '2025-03-18 17:25:12', 'ferraillage', 1, 0, '2025-03-18 15:07:33', '2025-03-18 16:25:12'),
(57, 1001, 14, 'a01-ind-c-batiment-a-coffrage-fondations.pdf', 'pdf', NULL, 1, '2025-03-18 17:25:15', 'coffrage', 1, 0, '2025-03-18 15:07:33', '2025-03-18 16:25:15'),
(60, 1515, 13, 'ab-01-e-fondations-pdf.pdf', 'pdf', NULL, 1, '2025-03-20 16:41:49', 'coffrage', 1, 0, '2025-03-20 12:49:24', '2025-03-20 15:53:28'),
(63, 1515, 13, 'ab-05-a-ph-r2.pdf', 'pdf', NULL, 1, '2025-03-20 16:41:51', 'coffrage', 1, 0, '2025-03-20 12:50:10', '2025-03-20 15:53:35'),
(64, 1515, 13, 'ab-200-b-reseaux-sous-dallage.pdf', 'pdf', NULL, 1, '2025-03-20 16:41:52', 'divers', 1, 0, '2025-03-20 12:50:25', '2025-03-20 15:54:00'),
(65, 1515, 13, 'cd-01-b-reseaux-sous-dalle.pdf', 'pdf', NULL, 1, '2025-03-20 16:41:53', 'coffrage', 1, 0, '2025-03-20 12:52:47', '2025-03-20 15:53:36'),
(67, 1515, 13, 'cd-03-b-ph-rdc.pdf', 'pdf', NULL, 1, '2025-03-20 16:41:53', 'coffrage', 1, 0, '2025-03-20 12:53:08', '2025-03-20 15:53:39'),
(68, 1515, 13, 'cd-04-b-ph-r1.pdf', 'pdf', NULL, 1, '2025-03-20 16:41:54', 'coffrage', 1, 0, '2025-03-20 12:53:16', '2025-03-20 15:53:40'),
(69, 1515, 13, 'cd-05-a-ph-r2.pdf', 'pdf', NULL, 1, '2025-03-20 16:41:55', 'coffrage', 1, 0, '2025-03-20 12:53:23', '2025-03-20 15:53:42'),
(71, 1515, 13, 'm02-a-fondations.pdf', 'pdf', NULL, 1, '2025-03-20 16:41:56', 'coffrage', 1, 0, '2025-03-20 12:53:38', '2025-03-20 15:53:48'),
(72, 1515, 13, 'm03-a-ph-rdc.pdf', 'pdf', NULL, 1, '2025-03-20 16:41:56', 'coffrage', 1, 0, '2025-03-20 12:53:45', '2025-03-20 15:53:54'),
(73, 1515, 13, 'm04-a-ph-r1.pdf', 'pdf', NULL, 1, '2025-03-20 16:41:57', 'coffrage', 1, 0, '2025-03-20 12:53:53', '2025-03-20 15:53:55'),
(74, 1515, 4, '110-a-armt-poteaux-ss-bat-ab.pdf', 'pdf', NULL, 1, '2025-03-20 16:41:48', 'ferraillage', 1, 0, '2025-03-20 15:38:14', '2025-03-20 15:53:24'),
(75, 1515, 4, 'ab-04-d-ph-r1.pdf', 'pdf', NULL, 1, '2025-03-20 16:46:15', 'coffrage', 1, 0, '2025-03-20 15:39:43', '2025-03-20 15:53:33'),
(76, 1515, 4, '110-a-armt-poteaux-ss-bat-ab-1742488783.pdf', 'pdf', NULL, 1, '2025-03-20 16:41:47', 'ferraillage', 1, 0, '2025-03-20 15:39:43', '2025-03-20 15:53:23'),
(77, 1515, 4, 'cd-02-d-fondations.pdf', 'pdf', NULL, 1, '2025-03-20 16:41:53', 'coffrage', 1, 0, '2025-03-20 15:39:43', '2025-03-20 15:53:38'),
(78, 1515, 4, 'm01-reseaux-maisons-ind-a.pdf', 'pdf', NULL, 1, '2025-03-20 16:41:55', 'divers', 1, 0, '2025-03-20 15:39:43', '2025-03-20 15:53:57'),
(79, 1515, 4, 'ab-03-e-ph-rdc.pdf', 'pdf', NULL, 1, '2025-03-20 16:41:50', 'coffrage', 1, 0, '2025-03-20 15:41:01', '2025-03-20 15:53:32'),
(81, 1515, 13, 'ab-02-b-ph-r-1.pdf', 'pdf', NULL, 1, '2025-03-21 08:52:29', 'coffrage', 1, 0, '2025-03-21 07:14:06', '2025-03-21 07:52:29'),
(82, 1001, 14, 'a01-ind-d-batiment-a-coffrage-fondations.pdf', 'pdf', NULL, 0, NULL, 'undefine', 1, 0, '2025-03-21 12:28:17', '2025-03-21 12:28:17'),
(83, 1001, 14, 'a02-ind-c-batiment-a-coffrage-ph-rdc.pdf', 'pdf', NULL, 0, NULL, 'undefine', 1, 0, '2025-03-21 12:28:17', '2025-03-21 12:28:17'),
(84, 1001, 14, 'a200-ind-a-batiment-a-voiles-et-linteaux.pdf', 'pdf', NULL, 0, NULL, 'undefine', 1, 0, '2025-03-21 12:28:17', '2025-03-21 12:28:17'),
(85, 1001, 14, 'b01-ind-c-batiment-b-coffrage-fondations.pdf', 'pdf', NULL, 0, NULL, 'undefine', 1, 0, '2025-03-21 12:28:17', '2025-03-21 12:28:17'),
(86, 1001, 14, 'b02-ind-c-batiment-b-coffrage-ph-rdc.pdf', 'pdf', NULL, 0, NULL, 'undefine', 1, 0, '2025-03-21 12:28:17', '2025-03-21 12:28:17'),
(87, 1001, 14, 'b200-ind-a-batiment-b-voiles-et-linteaux.pdf', 'pdf', NULL, 0, NULL, 'undefine', 1, 0, '2025-03-21 12:28:18', '2025-03-21 12:28:18'),
(88, 1001, 14, 'rsda-ind-0-batiment-a-reseaux-sous-dalles.pdf', 'pdf', NULL, 0, NULL, 'undefine', 1, 0, '2025-03-21 12:28:18', '2025-03-21 12:28:18'),
(89, 1001, 14, 'rsdb-ind-0-batiment-b-reseaux-sous-dalles.pdf', 'pdf', NULL, 0, NULL, 'undefine', 1, 0, '2025-03-21 12:28:18', '2025-03-21 12:28:18'),
(103, 1516, 36, '01d-fondations-coffrage.pdf', 'pdf', 'maj à venir, ascenseur massif M06 M09 excentrée', 1, '2025-03-21 15:10:48', 'coffrage', 1, 0, '2025-03-21 13:57:38', '2025-03-21 14:10:48'),
(104, 1516, 36, '02b-ph-ssol-coffrage.pdf', 'pdf', 'maj à venir synthèse réservations + ascenseur', 1, '2025-03-21 15:10:49', 'coffrage', 1, 0, '2025-03-21 13:57:38', '2025-03-21 14:10:49'),
(105, 1516, 36, '03-ph-rdc-coffrage.pdf', 'pdf', NULL, 1, '2025-03-21 15:10:50', 'coffrage', 1, 0, '2025-03-21 13:57:38', '2025-03-21 14:10:50'),
(106, 1516, 36, '04-ph-1er-coffrage.pdf', 'pdf', NULL, 1, '2025-03-21 15:10:51', 'coffrage', 1, 0, '2025-03-21 13:57:38', '2025-03-21 14:10:51'),
(107, 1516, 36, '05-ph-2eme-coffrage.pdf', 'pdf', NULL, 1, '2025-03-21 15:10:51', 'coffrage', 1, 0, '2025-03-21 13:57:38', '2025-03-21 14:10:51'),
(108, 1516, 36, '06-ph-3eme-coffrage.pdf', 'pdf', NULL, 1, '2025-03-21 15:10:53', 'coffrage', 1, 0, '2025-03-21 13:57:38', '2025-03-21 14:10:53'),
(109, 1516, 36, '07-ph-4eme-coffrage.pdf', 'pdf', NULL, 1, '2025-03-21 15:10:52', 'coffrage', 1, 0, '2025-03-21 13:57:38', '2025-03-21 14:10:52'),
(110, 1516, 36, '100-fondations-butons-coffrage.pdf', 'pdf', NULL, 1, '2025-03-21 15:10:53', 'coffrage', 1, 0, '2025-03-21 13:57:38', '2025-03-21 14:10:53'),
(111, 1516, 36, '101-fondations-butons-armatures.pdf', 'pdf', NULL, 1, '2025-03-21 15:10:54', 'undefine', 1, 0, '2025-03-21 13:57:38', '2025-03-21 15:13:28'),
(112, 1516, 36, '102-fondations-soutennement-butons-armatures.pdf', 'pdf', NULL, 1, '2025-03-21 15:10:55', 'undefine', 1, 0, '2025-03-21 13:57:38', '2025-03-21 15:13:28'),
(113, 1516, 36, '103-fondations-massifs-semelles-radier-armatures.pdf', 'pdf', 'maj à venir m06 m09 à excentrée + maj ascenseur', 1, '2025-03-21 15:10:55', 'ferraillage', 1, 0, '2025-03-21 13:57:38', '2025-03-21 14:10:55'),
(114, 1516, 36, 'g01b-fondations-soutennement.pdf', 'pdf', NULL, 1, '2025-03-21 15:10:55', 'coffrage', 1, 0, '2025-03-21 13:57:38', '2025-03-21 14:10:55'),
(115, 1516, 36, 'g02-fondations-grue-armatures.pdf', 'pdf', NULL, 1, '2025-03-21 15:10:56', 'divers', 1, 0, '2025-03-21 13:57:38', '2025-03-21 14:10:56'),
(118, 510, 36, 'g02-fondations-grue-1-coffrage-armatures.pdf', 'pdf', NULL, 0, NULL, 'undefine', 1, 0, '2025-03-21 14:15:03', '2025-03-21 14:15:03'),
(119, 510, 36, 'g01-fondations-grue-2-coffrage-armatures.pdf', 'pdf', NULL, 0, NULL, 'undefine', 1, 0, '2025-03-21 14:15:03', '2025-03-21 14:15:03'),
(120, 510, 36, '05-ph-3eme-collectif-lot-1-coffrage.pdf', 'pdf', NULL, 0, NULL, 'undefine', 1, 0, '2025-03-21 14:16:03', '2025-03-21 14:16:03'),
(121, 510, 36, '01-fondations-collectif-lot-1-coffrage.pdf', 'pdf', NULL, 0, NULL, 'undefine', 1, 0, '2025-03-21 14:16:03', '2025-03-21 14:16:03'),
(122, 510, 36, '02-ph-rdc-collectif-lot-1-coffrage.pdf', 'pdf', NULL, 0, NULL, 'undefine', 1, 0, '2025-03-21 14:16:03', '2025-03-21 14:16:03'),
(123, 510, 36, '03-ph-1er-collectif-lot-1-coffrage.pdf', 'pdf', NULL, 0, NULL, 'undefine', 1, 0, '2025-03-21 14:16:03', '2025-03-21 14:16:03'),
(124, 510, 36, '04-ph-2eme-collectif-lot-1-coffrage.pdf', 'pdf', NULL, 0, NULL, 'undefine', 1, 0, '2025-03-21 14:16:03', '2025-03-21 14:16:03'),
(125, 510, 36, '05-ph-3eme-collectif-lot-2-coffrage.pdf', 'pdf', NULL, 0, NULL, 'undefine', 1, 0, '2025-03-21 14:17:36', '2025-03-21 14:17:36'),
(126, 510, 36, '01-fondations-collectif-lot-2-coffrage.pdf', 'pdf', NULL, 0, NULL, 'undefine', 1, 0, '2025-03-21 14:17:36', '2025-03-21 14:17:36'),
(127, 510, 36, '02-ph-rdc-collectif-lot-2-coffrage.pdf', 'pdf', NULL, 0, NULL, 'undefine', 1, 0, '2025-03-21 14:17:36', '2025-03-21 14:17:36'),
(128, 510, 36, '03-ph-1er-collectif-lot-2-coffrage.pdf', 'pdf', NULL, 0, NULL, 'undefine', 1, 0, '2025-03-21 14:17:36', '2025-03-21 14:17:36'),
(129, 510, 36, '04-ph-2eme-collectif-lot-2-coffrage.pdf', 'pdf', NULL, 0, NULL, 'undefine', 1, 0, '2025-03-21 14:17:36', '2025-03-21 14:17:36'),
(130, 527, 4, '206-plancher-haut-du-rdc-implantation-atelier.pdf', 'pdf', NULL, 1, '2025-03-21 15:18:10', 'coffrage', 1, 0, '2025-03-21 14:17:56', '2025-03-21 14:18:10'),
(131, 527, 4, '205-plancher-haut-du-rdc-implantation-atelier.pdf', 'pdf', NULL, 1, '2025-03-21 15:18:10', 'coffrage', 1, 0, '2025-03-21 14:17:56', '2025-03-21 14:18:10'),
(132, 527, 4, '202d-fondations-coffrage-implantation-air-de-livraison-show-room.pdf', 'pdf', NULL, 1, '2025-03-21 15:18:11', 'coffrage', 1, 0, '2025-03-21 14:17:56', '2025-03-21 14:18:11'),
(133, 527, 4, '201c-fondations-coffrage-implantation-atelier.pdf', 'pdf', NULL, 1, '2025-03-21 15:18:12', 'coffrage', 1, 0, '2025-03-21 14:17:56', '2025-03-21 14:18:12'),
(134, 527, 4, '01b-fondations-bassin-de-retention-coffrage.pdf', 'pdf', NULL, 1, '2025-03-21 15:18:12', 'coffrage', 1, 0, '2025-03-21 14:17:56', '2025-03-21 14:18:12'),
(135, 527, 4, '204-implantation-air-de-livraison-show-room-cotations-platines.pdf', 'pdf', NULL, 1, '2025-03-21 15:18:12', 'coffrage', 1, 0, '2025-03-21 14:17:56', '2025-03-21 14:18:12'),
(136, 527, 4, '203-implantation-atelier-cotations-platines.pdf', 'pdf', NULL, 1, '2025-03-21 15:18:13', 'coffrage', 1, 0, '2025-03-21 14:17:56', '2025-03-21 14:18:13'),
(137, 510, 36, '03-ht-etage-maisons-lot-2-coffrage.pdf', 'pdf', NULL, 0, NULL, 'undefine', 1, 0, '2025-03-21 14:18:20', '2025-03-21 14:18:20'),
(138, 510, 36, '01-fondations-maisons-lot-2-coffrage.pdf', 'pdf', NULL, 0, NULL, 'undefine', 1, 0, '2025-03-21 14:18:20', '2025-03-21 14:18:20'),
(139, 510, 36, '02-ph-rdc-maisons-lot-2-coffrage.pdf', 'pdf', NULL, 0, NULL, 'undefine', 1, 0, '2025-03-21 14:18:20', '2025-03-21 14:18:20'),
(140, 527, 4, '100-fondations-armatures-massifs.pdf', 'pdf', NULL, 1, '2025-03-21 15:19:50', 'ferraillage', 1, 0, '2025-03-21 14:18:57', '2025-03-21 14:19:50'),
(141, 527, 4, '103-armatures-bassin-de-retention.pdf', 'pdf', NULL, 1, '2025-03-21 15:20:26', 'ferraillage', 1, 0, '2025-03-21 14:18:58', '2025-03-21 14:20:26'),
(143, 510, 36, '03-ht-etage-maisons-lot-3-coffrage.pdf', 'pdf', NULL, 0, NULL, 'undefine', 1, 0, '2025-03-21 14:19:06', '2025-03-21 14:19:06'),
(144, 510, 36, '01-fondations-maisons-lot-3-coffrage.pdf', 'pdf', NULL, 0, NULL, 'undefine', 1, 0, '2025-03-21 14:19:06', '2025-03-21 14:19:06'),
(145, 510, 36, '02-ph-rdc-maisons-lot-3-coffrage.pdf', 'pdf', NULL, 0, NULL, 'undefine', 1, 0, '2025-03-21 14:19:06', '2025-03-21 14:19:06'),
(146, 510, 36, '03-ht-etage-maisons-lot-4-coffrage.pdf', 'pdf', NULL, 0, NULL, 'undefine', 1, 0, '2025-03-21 14:19:42', '2025-03-21 14:19:42'),
(147, 510, 36, '01-fondations-maisons-lot-4-coffrage.pdf', 'pdf', NULL, 0, NULL, 'undefine', 1, 0, '2025-03-21 14:19:42', '2025-03-21 14:19:42'),
(148, 510, 36, '02-ph-rdc-maisons-lot-4-coffrage.pdf', 'pdf', NULL, 0, NULL, 'undefine', 1, 0, '2025-03-21 14:19:42', '2025-03-21 14:19:42'),
(149, 526, 14, '01z1-ind-b-coffrage-fondations-zone-1.pdf', 'pdf', NULL, 0, NULL, 'coffrage', 1, 0, '2025-03-21 14:33:59', '2025-03-21 14:35:28'),
(150, 526, 14, '01z2-ind-a-coffrage-fondations-zone-2.pdf', 'pdf', NULL, 0, NULL, 'coffrage', 1, 0, '2025-03-21 14:33:59', '2025-03-21 14:35:28'),
(151, 526, 14, '02z1-ind-b-coffrage-ph-vide-sanitaire-zone-1.pdf', 'pdf', NULL, 0, NULL, 'coffrage', 1, 0, '2025-03-21 14:33:59', '2025-03-21 14:35:29'),
(152, 526, 14, '02z2-ind-a-coffrage-ph-vide-sanitaire-zone-2.pdf', 'pdf', NULL, 0, NULL, 'coffrage', 1, 0, '2025-03-21 14:33:59', '2025-03-21 14:35:31'),
(153, 526, 14, '03z1-ind-a-coffrage-ph-rdc-zone-1.pdf', 'pdf', NULL, 0, NULL, 'coffrage', 1, 0, '2025-03-21 14:33:59', '2025-03-21 14:35:32'),
(154, 526, 14, '03z2-ind-a-coffrage-ph-rdc-zone-2.pdf', 'pdf', NULL, 0, NULL, 'coffrage', 1, 0, '2025-03-21 14:33:59', '2025-03-21 14:35:33'),
(155, 526, 14, '04z1-ind-0-coffrage-ph-r1-zone-1.pdf', 'pdf', NULL, 0, NULL, 'coffrage', 1, 0, '2025-03-21 14:33:59', '2025-03-21 14:35:34'),
(156, 526, 14, '04z2-ind-0-coffrage-ph-r1-zone-2.pdf', 'pdf', NULL, 0, NULL, 'coffrage', 1, 0, '2025-03-21 14:33:59', '2025-03-21 14:35:35'),
(157, 526, 14, '100z1-ind-0-armatures-semelles-massifs-longrines.pdf', 'pdf', NULL, 0, NULL, 'ferraillage', 1, 0, '2025-03-21 14:33:59', '2025-03-21 14:35:37'),
(158, 526, 14, '200z1-ind-0-armatures-voiles-et-linteaux.pdf', 'pdf', NULL, 0, NULL, 'ferraillage', 1, 0, '2025-03-21 14:33:59', '2025-03-21 14:35:39'),
(159, 526, 14, '201z1-ind-0-armatures-poteaux-ba.pdf', 'pdf', NULL, 0, NULL, 'ferraillage', 1, 0, '2025-03-21 14:33:59', '2025-03-21 14:35:46'),
(160, 526, 14, 'c01-ind-a-coupes-fondations-et-ph-vs.pdf', 'pdf', NULL, 0, NULL, 'coffrage', 1, 0, '2025-03-21 14:33:59', '2025-03-21 14:35:48'),
(161, 526, 14, 'c02-ind-a-coupes-ph-rdc.pdf', 'pdf', NULL, 0, NULL, 'coffrage', 1, 0, '2025-03-21 14:33:59', '2025-03-21 14:35:50'),
(162, 526, 14, 'c03-ind-0-coupes-ph-r1.pdf', 'pdf', NULL, 0, NULL, 'coffrage', 1, 0, '2025-03-21 14:33:59', '2025-03-21 14:35:51'),
(163, 526, 14, 'g01-ind-0-fondations-grue.pdf', 'pdf', NULL, 0, NULL, 'ferraillage', 1, 0, '2025-03-21 14:33:59', '2025-03-21 14:35:56'),
(164, 514, 4, 'b25014-franqueville-grue.pdf', 'pdf', NULL, 1, '2025-03-21 15:38:55', 'divers', 1, 0, '2025-03-21 14:38:49', '2025-03-21 14:38:55'),
(165, 514, 4, 'b01a-bat-b-fondations.pdf', 'pdf', NULL, 1, '2025-03-21 15:41:41', 'coffrage', 1, 0, '2025-03-21 14:40:24', '2025-03-21 14:41:41'),
(166, 514, 4, 'b02-bat-b-coffrage-ph-rdc.pdf', 'pdf', NULL, 1, '2025-03-21 15:41:41', 'coffrage', 1, 0, '2025-03-21 14:40:24', '2025-03-21 14:41:41'),
(167, 514, 4, 'b03-bat-b-coffrage-ph-r1.pdf', 'pdf', NULL, 1, '2025-03-21 15:41:39', 'coffrage', 1, 0, '2025-03-21 14:40:24', '2025-03-21 14:41:39'),
(168, 514, 4, 'b04-bat-b-coffrage-ph-r2.pdf', 'pdf', NULL, 1, '2025-03-21 15:41:38', 'coffrage', 1, 0, '2025-03-21 14:40:24', '2025-03-21 14:41:38'),
(169, 514, 4, 'b05-bat-b-coffrage-ph-r3.pdf', 'pdf', NULL, 1, '2025-03-21 15:41:37', 'coffrage', 1, 0, '2025-03-21 14:40:24', '2025-03-21 14:41:37'),
(170, 514, 4, 'b101-bat-b-armatures-fondations.pdf', 'pdf', NULL, 1, '2025-03-21 15:41:36', 'ferraillage', 1, 0, '2025-03-21 14:40:24', '2025-03-21 14:41:36'),
(171, 514, 4, 'b101a-bat-b-armatures-fondations.pdf', 'pdf', NULL, 1, '2025-03-21 15:41:36', 'ferraillage', 1, 0, '2025-03-21 14:40:24', '2025-03-21 14:41:36'),
(172, 514, 4, 'b102-bat-b-armatures-dalle-basse.pdf', 'pdf', NULL, 1, '2025-03-21 15:41:35', 'ferraillage', 1, 0, '2025-03-21 14:40:24', '2025-03-21 14:41:35'),
(173, 514, 4, 'c01a-bat-c-fondations.pdf', 'pdf', NULL, 1, '2025-03-21 15:41:35', 'coffrage', 1, 0, '2025-03-21 14:41:10', '2025-03-21 14:41:35'),
(174, 514, 4, 'c02-bat-c-coffrage-ph-rdc.pdf', 'pdf', NULL, 1, '2025-03-21 15:41:34', 'coffrage', 1, 0, '2025-03-21 14:41:10', '2025-03-21 14:41:34'),
(175, 514, 4, 'c03-bat-c-coffrage-ph-r1.pdf', 'pdf', NULL, 1, '2025-03-21 15:41:34', 'coffrage', 1, 0, '2025-03-21 14:41:10', '2025-03-21 14:41:34'),
(176, 514, 4, 'c04-bat-c-coffrage-ph-r2.pdf', 'pdf', NULL, 1, '2025-03-21 15:41:32', 'coffrage', 1, 0, '2025-03-21 14:41:10', '2025-03-21 14:41:32'),
(177, 514, 4, 'c05-bat-c-coffrage-ph-r2-copie-1.pdf', 'pdf', NULL, 1, '2025-03-21 15:41:31', 'coffrage', 1, 0, '2025-03-21 14:41:10', '2025-03-21 14:41:31'),
(178, 514, 4, 'c101a-bat-c-armatures-fondations.pdf', 'pdf', NULL, 1, '2025-03-21 15:41:33', 'ferraillage', 1, 0, '2025-03-21 14:41:10', '2025-03-21 14:41:33'),
(179, 514, 4, 'c102-bat-c-armatures-dalle-basse.pdf', 'pdf', NULL, 1, '2025-03-21 15:41:30', 'ferraillage', 1, 0, '2025-03-21 14:41:10', '2025-03-21 14:41:30'),
(180, 1517, 4, 'n01-fondations.pdf', 'pdf', NULL, 1, '2025-03-21 15:59:44', 'undefine', 1, 0, '2025-03-21 14:59:24', '2025-03-21 14:59:44'),
(181, 1517, 4, 'n02-coffrage-ph-sous-sol.pdf', 'pdf', NULL, 1, '2025-03-21 15:59:44', 'undefine', 1, 0, '2025-03-21 14:59:24', '2025-03-21 14:59:44'),
(182, 1517, 4, 'n03-coffrage-ph-rdc.pdf', 'pdf', NULL, 1, '2025-03-21 15:59:45', 'undefine', 1, 0, '2025-03-21 14:59:24', '2025-03-21 14:59:45'),
(183, 509, 4, '100-grue-coffrage-armatures.pdf', 'pdf', NULL, 1, '2025-03-21 16:05:00', 'coffrage', 1, 0, '2025-03-21 15:04:54', '2025-03-21 15:05:23'),
(184, 509, 4, 'a101-tetes-de-pieux-armatures.pdf', 'pdf', NULL, 1, '2025-03-21 16:05:01', 'ferraillage', 1, 0, '2025-03-21 15:04:54', '2025-03-21 15:05:24'),
(185, 509, 4, 'a102-longrines-armatures.pdf', 'pdf', NULL, 1, '2025-03-21 16:05:02', 'ferraillage', 1, 0, '2025-03-21 15:04:54', '2025-03-21 15:05:25'),
(186, 509, 4, 'ab01-inda-fondations-coffrage.pdf', 'pdf', NULL, 1, '2025-03-21 16:05:04', 'coffrage', 1, 0, '2025-03-21 15:04:54', '2025-03-21 15:05:26'),
(187, 509, 4, 'b101-tetes-de-pieux-armatures.pdf', 'pdf', NULL, 1, '2025-03-21 16:05:04', 'ferraillage', 1, 0, '2025-03-21 15:04:54', '2025-03-21 15:05:27'),
(188, 509, 4, 'b102-longrines-armatures.pdf', 'pdf', NULL, 1, '2025-03-21 16:05:05', 'ferraillage', 1, 0, '2025-03-21 15:04:54', '2025-03-21 15:05:28'),
(189, 509, 4, 'c01-inda-fondations-coffrage.pdf', 'pdf', NULL, 1, '2025-03-21 16:05:06', 'coffrage', 1, 0, '2025-03-21 15:04:54', '2025-03-21 15:05:29'),
(190, 509, 4, 'c101-tetes-de-pieux-armatures.pdf', 'pdf', NULL, 1, '2025-03-21 16:05:07', 'ferraillage', 1, 0, '2025-03-21 15:04:54', '2025-03-21 15:05:31'),
(191, 509, 4, 'c102-longrines-armatures.pdf', 'pdf', NULL, 1, '2025-03-21 16:05:07', 'ferraillage', 1, 0, '2025-03-21 15:04:54', '2025-03-21 15:05:32'),
(192, 509, 4, 'd01-inda-fondations-coffrage.pdf', 'pdf', NULL, 1, '2025-03-21 16:05:12', 'coffrage', 1, 0, '2025-03-21 15:04:54', '2025-03-21 15:05:33'),
(193, 509, 4, 'd101-tetes-de-pieux-armatures.pdf', 'pdf', NULL, 1, '2025-03-21 16:05:12', 'ferraillage', 1, 0, '2025-03-21 15:04:54', '2025-03-21 15:05:34'),
(194, 509, 4, 'd102-longrines-armatures.pdf', 'pdf', NULL, 1, '2025-03-21 16:05:13', 'ferraillage', 1, 0, '2025-03-21 15:04:54', '2025-03-21 15:05:37'),
(195, 509, 4, 'e01-inda-fondations-coffrage.pdf', 'pdf', NULL, 1, '2025-03-21 16:05:14', 'coffrage', 1, 0, '2025-03-21 15:04:54', '2025-03-21 15:05:38'),
(196, 509, 4, 'e101-tetes-de-pieux-armatures.pdf', 'pdf', NULL, 1, '2025-03-21 16:05:14', 'ferraillage', 1, 0, '2025-03-21 15:04:54', '2025-03-21 15:05:39'),
(197, 509, 4, 'e102-longrines-armatures.pdf', 'pdf', NULL, 1, '2025-03-21 16:05:15', 'ferraillage', 1, 0, '2025-03-21 15:04:54', '2025-03-21 15:05:41'),
(198, 509, 4, 'g01-fondations-coffrage.pdf', 'pdf', NULL, 1, '2025-03-21 16:05:16', 'coffrage', 1, 0, '2025-03-21 15:04:54', '2025-03-21 15:05:41'),
(199, 509, 4, 'g02-fondations-coffrage.pdf', 'pdf', NULL, 1, '2025-03-21 16:05:16', 'coffrage', 1, 0, '2025-03-21 15:04:54', '2025-03-21 15:05:43'),
(200, 558, 5, '101-fondations-ph-rdc-armatures.pdf', 'pdf', NULL, 1, '2025-03-21 16:06:49', 'ferraillage', 1, 0, '2025-03-21 15:06:44', '2025-03-21 15:07:12'),
(201, 558, 5, '01-fondations-ph-rdc-coffrage.pdf', 'pdf', NULL, 1, '2025-03-21 16:06:50', 'coffrage', 1, 0, '2025-03-21 15:06:44', '2025-03-21 15:07:14'),
(202, 1518, 5, '110-armatures-dalle-basse.pdf', 'pdf', NULL, 1, '2025-03-21 16:18:37', 'undefine', 1, 0, '2025-03-21 15:18:32', '2025-03-21 15:18:37'),
(203, 1518, 5, 'grue.pdf', 'pdf', NULL, 1, '2025-03-21 16:18:37', 'undefine', 1, 0, '2025-03-21 15:18:32', '2025-03-21 15:18:37'),
(204, 1518, 5, '01-fondations.pdf', 'pdf', NULL, 1, '2025-03-21 16:18:38', 'undefine', 1, 0, '2025-03-21 15:18:32', '2025-03-21 15:18:38'),
(205, 1518, 5, '100-armatures-semelles-massifs.pdf', 'pdf', NULL, 1, '2025-03-21 16:18:38', 'undefine', 1, 0, '2025-03-21 15:18:32', '2025-03-21 15:18:38');
